name,inter_loops,hairpins,multicycles,binding_site_energy,interaction_energy,total_energy,label
NONHSAT145966.2_hsa-miR-410-3p,0,0,0,0.0,-13.31,-250.4,1
NONHSAT146396.2_hsa-miR-23b-3p,0,0,0,0.0,-18.059999,-581.7,1
NONHSAT146396.2_hsa-miR-155-5p,0,0,0,0.0,-13.2,-581.7,1
NONHSAT147661.2_hsa-miR-454-3p,4,1,0,0.3,-14.03,-783.8,1
NONHSAT000533.2_hsa-miR-488-3p,0,0,0,0.0,-14.26,-2482.37,1
NONHSAT000535.2_hsa-miR-197-3p,0,0,0,0.0,-27.1,-2075.3,1
NONHSAT001380.2_hsa-miR-3118,0,0,0,0.0,-18.889999,-1725.0,1
NONHSAT001460.2_hsa-miR-148a-3p,0,0,0,0.0,-20.610001,-1634.5,1
NONHSAT001462.2_hsa-miR-130a-3p,0,0,0,0.0,-15.74,-335.7,1
NONHSAT001467.2_hsa-miR-497-5p,0,0,0,0.0,-16.370001,-336.1,1
NONHSAT001952.2_hsa-miR-196b-5p,0,0,0,0.0,-12.93,-824.1,1
NONHSAT001974.2_hsa-miR-181a-5p,0,0,0,0.0,-21.49,-283.3,1
NONHSAT001981.2_hsa-miR-138-5p,0,0,0,0.0,-22.059999,-291.4,1
NONHSAT001981.2_hsa-miR-181d-5p,2,1,0,-1.9,-20.040001,-291.4,1
NONHSAT002854.2_hsa-miR-125a-3p,6,1,0,-9.2,-26.67,-952.2,1
NONHSAT004491.2_hsa-miR-338-3p,0,0,0,0.0,-18.389999,-240.3,1
NONHSAT004517.2_hsa-miR-362-3p,0,0,0,0.0,-15.85,-220.5,1
NONHSAT004834.2_hsa-miR-128-3p,0,0,0,0.0,-17.23,-335.0,1
NONHSAT004836.2_hsa-miR-206,0,0,0,0.0,-15.81,-377.4,1
NONHSAT005142.2_hsa-miR-542-3p,3,1,0,-3.6,-19.360001,-756.07,1
NONHSAT005740.2_hsa-miR-15b-5p,0,0,0,0.0,-15.92,-267.4,1
NONHSAT006742.2_hsa-miR-362-3p,0,0,0,0.0,-13.17,-824.3,1
NONHSAT007262.2_hsa-miR-20b-5p,0,0,0,0.0,-10.82,-177.0,1
NONHSAT007659.2_hsa-miR-221-3p,0,0,0,0.0,-21.49,-3457.1,1
NONHSAT007662.2_hsa-miR-29c-3p,0,0,0,0.0,-16.610001,-162.1,1
NONHSAT007666.2_hsa-miR-346,1,1,0,1.2,-19.33,-143.2,1
NONHSAT007683.2_hsa-miR-26a-5p,0,0,0,0.0,-17.77,-145.0,1
NONHSAT007688.2_hsa-miR-23c,0,0,0,0.0,-8.71,-461.8,1
NONHSAT007688.2_hsa-miR-135a-5p,0,0,0,0.0,-21.700001,-461.8,1
NONHSAT007701.2_hsa-miR-29a-3p,0,0,0,0.0,-17.49,-123.7,1
NONHSAT007701.2_hsa-miR-29b-3p,0,0,0,0.0,-18.35,-123.7,1
NONHSAT009709.2_hsa-miR-26b-5p,0,0,0,0.0,-16.870001,-189.3,1
NONHSAT011227.2_hsa-miR-3666,0,0,0,0.0,-12.22,-372.6,1
NONHSAT011229.2_hsa-miR-143-3p,0,0,0,0.0,-20.48,-1024.7,1
NONHSAT011231.2_hsa-miR-143-3p,0,0,0,0.0,-20.48,-937.8,1
NONHSAT011233.2_hsa-miR-544a,0,0,0,0.0,-13.34,-1319.4,1
NONHSAT011259.2_hsa-miR-485-5p,0,0,0,0.0,-26.41,-1609.2,1
NONHSAT011262.2_hsa-miR-30a-5p,2,1,0,0.0,-9.14,-1890.04,1
NONHSAT011264.2_hsa-miR-30a-5p,0,0,0,0.0,-8.39,-596.0,1
NONHSAT011933.2_hsa-miR-320b,0,0,0,0.0,-24.129999,-5043.94,1
NONHSAT012872.2_hsa-miR-20b-5p,0,0,0,0.0,-13.24,-713.4,1
NONHSAT012872.2_hsa-miR-519d-3p,0,0,0,0.0,-11.12,-713.4,1
NONHSAT012882.2_hsa-miR-519d-3p,0,0,0,0.0,-11.12,-467.5,1
NONHSAT014108.2_hsa-miR-33a-5p,0,0,0,0.0,-9.5,-794.8,1
NONHSAT014108.2_hsa-miR-33b-5p,0,0,0,0.0,-9.06,-794.8,1
NONHSAT015164.2_hsa-miR-30e-5p,0,0,0,0.0,-7.12,-154.3,1
NONHSAT015399.2_hsa-miR-34c-5p,0,0,0,0.0,-17.389999,-259.0,1
NONHSAT015401.2_hsa-miR-449b-5p,0,0,0,0.0,-18.209999,-514.4,1
NONHSAT015413.2_hsa-miR-107,2,1,0,4.0,-13.47,-547.0,1
NONHSAT015415.2_hsa-miR-130b-3p,2,1,0,-0.2,-11.05,-325.2,1
NONHSAT015418.2_hsa-let-7e-5p,0,0,0,0.0,-18.040001,-362.5,1
NONHSAT017461.2_hsa-miR-18b-5p,4,1,0,-3.9,-17.809999,-1243.0,1
NONHSAT017461.2_hsa-miR-148b-3p,0,0,0,0.0,-15.61,-1243.0,1
NONHSAT017462.2_hsa-miR-148b-3p,0,0,0,0.0,-14.07,-1044.9,1
NONHSAT017462.2_hsa-miR-193b-3p,0,0,0,0.0,-28.540001,-1044.9,1
NONHSAT017462.2_hsa-miR-599,0,0,0,0.0,-12.08,-1044.9,1
NONHSAT017463.2_hsa-miR-138-5p,4,1,0,-4.3,-24.200001,-266.1,1
NONHSAT017466.2_hsa-miR-106a-5p,0,0,0,0.0,-10.17,-966.0,1
NONHSAT017467.2_hsa-miR-152-3p,0,0,0,0.0,-18.25,-817.7,1
NONHSAT017467.2_hsa-miR-193b-3p,0,0,0,0.0,-28.540001,-817.7,1
NONHSAT017468.2_hsa-miR-519d-3p,0,0,0,0.0,-7.79,-712.8,1
NONHSAT017469.2_hsa-miR-107,0,0,0,0.0,-13.93,-647.4,1
NONHSAT017469.2_hsa-miR-148a-3p,0,0,0,0.0,-13.39,-647.4,1
NONHSAT017470.2_hsa-miR-454-3p,1,1,0,3.7,-14.78,-806.7,1
NONHSAT017470.2_hsa-miR-3666,0,0,0,0.0,-21.5,-806.7,1
NONHSAT017473.2_hsa-miR-18b-5p,0,0,0,0.0,-12.13,-262.9,1
NONHSAT017474.2_hsa-miR-103a-3p,0,0,0,0.0,-15.0,-170.3,1
NONHSAT017679.2_hsa-miR-320d,0,0,0,0.0,-9.46,-273.8,1
NONHSAT018087.2_hsa-miR-4306,0,0,0,0.0,-10.69,-274.7,1
NONHSAT018228.2_hsa-miR-7-5p,1,1,0,0.8,-18.969999,-1019.9,1
NONHSAT018228.2_hsa-miR-101-3p,0,0,0,0.0,-16.99,-1019.9,1
NONHSAT021823.2_hsa-miR-140-5p,0,0,0,0.0,-13.33,-979.3,1
NONHSAT021826.2_hsa-miR-328-3p,0,0,0,0.0,-21.790001,-315.5,1
NONHSAT021830.2_hsa-miR-497-5p,0,0,0,0.0,-23.57,-805.6,1
NONHSAT021834.2_hsa-miR-15a-5p,0,0,0,0.0,-16.690001,-411.4,1
NONHSAT021839.2_hsa-miR-154-5p,0,0,0,0.0,-10.9,-94.8,1
NONHSAT021847.2_hsa-miR-376b-3p,0,0,0,0.0,-14.01,-146.6,1
NONHSAT021939.2_hsa-miR-653-5p,0,1,0,3.9,-9.33,-174.4,1
NONHSAT022109.2_hsa-let-7e-5p,0,0,0,0.0,-27.4,-11205.4,1
NONHSAT022109.2_hsa-miR-4725-5p,0,0,0,0.0,-31.25,-11205.4,1
NONHSAT022112.2_hsa-let-7f-5p,0,0,0,0.0,-19.65,-7168.5,1
NONHSAT022112.2_hsa-miR-101-3p,0,0,0,0.0,-18.93,-7168.5,1
NONHSAT022112.2_hsa-miR-335-5p,0,0,0,0.0,-15.07,-7168.5,1
NONHSAT022124.2_hsa-miR-20b-5p,0,1,0,4.2,-26.120001,-4375.9,1
NONHSAT022124.2_hsa-miR-25-3p,0,0,0,0.0,-26.52,-4375.9,1
NONHSAT022124.2_hsa-miR-422a,0,0,0,0.0,-13.53,-4375.9,1
NONHSAT022125.2_hsa-miR-378f,0,0,0,0.0,-16.58,-2140.3,1
NONHSAT022126.2_hsa-miR-106b-5p,0,0,0,0.0,-9.14,-1861.7,1
NONHSAT022126.2_hsa-miR-145-5p,4,1,0,-2.1,-19.610001,-1861.7,1
NONHSAT022129.2_hsa-miR-93-5p,0,0,0,0.0,-12.06,-1653.3,1
NONHSAT022131.2_hsa-miR-155-5p,0,0,0,0.0,-17.379999,-1136.0,1
NONHSAT022131.2_hsa-miR-374b-5p,0,0,0,0.0,-12.36,-1136.0,1
NONHSAT022131.2_hsa-miR-3139,0,0,0,0.0,-15.08,-1136.0,1
NONHSAT022132.2_hsa-miR-378e,0,0,0,0.0,-14.63,-1997.7,1
NONHSAT022133.2_hsa-miR-30e-5p,0,0,0,0.0,-20.940001,-1903.0,1
NONHSAT022133.2_hsa-miR-181b-5p,3,1,0,-2.3,-17.610001,-1903.0,1
NONHSAT022133.2_hsa-miR-338-3p,1,1,0,3.2,-19.75,-1903.0,1
NONHSAT022133.2_hsa-miR-613,0,0,0,0.0,-9.31,-1903.0,1
NONHSAT022133.2_hsa-miR-4262,0,0,0,0.0,-13.98,-1903.0,1
NONHSAT022134.2_hsa-miR-23c,0,0,0,0.0,-11.12,-1616.5,1
NONHSAT022134.2_hsa-miR-320c,0,0,0,0.0,-19.139999,-1616.5,1
NONHSAT022135.2_hsa-miR-23c,0,0,0,0.0,-11.12,-1827.1,1
NONHSAT022136.2_hsa-miR-378a-3p,0,0,0,0.0,-14.63,-1666.5,1
NONHSAT022136.2_hsa-miR-384,6,1,0,-4.5,-16.799999,-1666.5,1
NONHSAT022136.2_hsa-miR-422a,0,0,0,0.0,-13.53,-1666.5,1
NONHSAT022136.2_hsa-miR-590-3p,0,0,0,0.0,-7.9,-1666.5,1
NONHSAT022137.2_hsa-miR-146a-5p,0,0,0,0.0,-16.440001,-1964.0,1
NONHSAT022137.2_hsa-miR-378b,0,0,0,0.0,-12.65,-1964.0,1
NONHSAT022137.2_hsa-miR-494-3p,0,0,0,0.0,-19.92,-1964.0,1
NONHSAT022137.2_hsa-miR-708-5p,0,0,0,0.0,-16.459999,-1964.0,1
NONHSAT022138.2_hsa-miR-22-3p,0,0,0,0.0,-20.98,-1724.6,1
NONHSAT022138.2_hsa-miR-140-5p,0,0,0,0.0,-18.67,-1724.6,1
NONHSAT022138.2_hsa-miR-455-5p,0,0,0,0.0,-15.99,-1724.6,1
NONHSAT022139.2_hsa-miR-181c-5p,7,1,0,-1.6,-13.31,-1455.3,1
NONHSAT022139.2_hsa-miR-194-5p,0,1,0,5.5,-18.07,-1455.3,1
NONHSAT022139.2_hsa-miR-544a,5,1,0,-4.9,-16.9,-1455.3,1
NONHSAT022139.2_hsa-miR-1297,0,0,0,0.0,-10.86,-1455.3,1
NONHSAT022142.2_hsa-miR-96-5p,0,0,0,0.0,-23.870001,-1385.8,1
NONHSAT022142.2_hsa-miR-197-3p,0,0,0,0.0,-17.549999,-1385.8,1
NONHSAT022143.2_hsa-miR-30c-5p,0,0,0,0.0,-26.82,-1424.6,1
NONHSAT022143.2_hsa-miR-206,0,0,0,0.0,-16.57,-1424.6,1
NONHSAT022144.2_hsa-miR-194-5p,0,1,0,5.5,-18.07,-1691.3,1
NONHSAT022144.2_hsa-miR-425-5p,0,0,0,0.0,-17.82,-1691.3,1
NONHSAT023396.2_hsa-let-7c-5p,0,0,0,0.0,-19.379999,-152.4,1
NONHSAT026845.2_hsa-miR-145-5p,0,0,0,0.0,-24.040001,-663.5,1
NONHSAT026882.2_hsa-let-7g-5p,0,0,0,0.0,-21.629999,-752.9,1
NONHSAT026882.2_hsa-miR-4458,0,0,0,0.0,-13.68,-752.9,1
NONHSAT028402.2_hsa-miR-424-5p,1,1,0,1.2,-20.200001,-1115.3,1
NONHSAT028957.2_hsa-miR-197-3p,0,0,0,0.0,-21.25,-749.1,1
NONHSAT030757.2_hsa-miR-4306,0,0,0,0.0,-16.67,-834.1,1
NONHSAT030757.2_hsa-miR-4644,0,0,0,0.0,-17.34,-834.1,1
NONHSAT030763.2_hsa-miR-200b-3p,0,0,0,0.0,-12.84,-230.8,1
NONHSAT030763.2_hsa-miR-200c-3p,0,0,0,0.0,-16.74,-230.8,1
NONHSAT031448.2_hsa-miR-454-3p,0,1,0,3.3,-23.200001,-495.4,1
NONHSAT031574.2_hsa-miR-1297,0,0,0,0.0,-10.56,-238.3,1
NONHSAT033794.2_hsa-miR-30b-5p,0,0,0,0.0,-6.57,-249.7,1
NONHSAT033796.2_hsa-miR-30d-5p,0,0,0,0.0,-7.02,-132.4,1
NONHSAT035307.2_hsa-miR-33a-5p,0,0,0,0.0,-21.139999,-355.8,1
NONHSAT035480.2_hsa-miR-26b-5p,0,0,0,0.0,-15.32,-1148.4,1
NONHSAT035480.2_hsa-miR-302a-3p,0,0,0,0.0,-11.02,-1148.4,1
NONHSAT035480.2_hsa-miR-1297,0,0,0,0.0,-14.0,-1148.4,1
NONHSAT035663.2_hsa-miR-320d,0,0,0,0.0,-23.02,-1555.5,1
NONHSAT035844.2_hsa-miR-125a-5p,0,0,0,0.0,-17.309999,-124.0,1
NONHSAT035953.2_hsa-miR-197-3p,0,0,0,0.0,-10.48,-763.0,1
NONHSAT035954.2_hsa-miR-221-3p,0,0,0,0.0,-15.34,-959.1,1
NONHSAT036227.2_hsa-let-7a-5p,0,0,0,0.0,-14.05,-150.5,1
NONHSAT037122.2_hsa-miR-448,0,0,0,0.0,-12.95,-297.0,1
NONHSAT039742.2_hsa-miR-7-5p,0,0,0,0.0,-16.43,-683.7,1
NONHSAT039798.2_hsa-miR-497-5p,0,0,0,0.0,-22.0,-394.54,1
NONHSAT040966.2_hsa-miR-136-5p,3,1,0,0.8,-17.120001,-1007.0,1
NONHSAT041028.2_hsa-miR-367-3p,0,0,0,0.0,-23.57,-2488.1,1
NONHSAT041028.2_hsa-miR-433-3p,0,0,0,0.0,-25.059999,-2488.1,1
NONHSAT041085.2_hsa-miR-181a-5p,0,0,0,0.0,-18.99,-1373.0,1
NONHSAT041439.2_hsa-miR-218-5p,0,0,0,0.0,-14.04,-172.2,1
NONHSAT041923.2_hsa-miR-4465,0,0,0,0.0,-23.440001,-358.5,1
NONHSAT041924.2_hsa-miR-32-5p,0,0,0,0.0,-12.04,-210.2,1
NONHSAT041924.2_hsa-miR-143-3p,0,0,0,0.0,-16.75,-210.2,1
NONHSAT041927.2_hsa-miR-7-5p,0,0,0,0.0,-32.09,-2201.4,1
NONHSAT041927.2_hsa-miR-128-3p,0,0,0,0.0,-22.83,-2201.4,1
NONHSAT041927.2_hsa-miR-378h,0,0,0,0.0,-14.84,-2201.4,1
NONHSAT041931.2_hsa-miR-128-3p,0,0,0,0.0,-22.83,-2682.47,1
NONHSAT041931.2_hsa-miR-129-5p,4,1,0,-0.7,-13.12,-2682.47,1
NONHSAT041931.2_hsa-miR-140-5p,0,0,0,0.0,-21.52,-2682.47,1
NONHSAT041933.2_hsa-miR-3139,0,0,0,0.0,-20.049999,-2673.47,1
NONHSAT042160.2_hsa-miR-23a-3p,1,1,0,1.7,-12.71,-368.6,1
NONHSAT042161.2_hsa-miR-23c,0,0,0,0.0,-17.790001,-995.5,1
NONHSAT042164.2_hsa-miR-23b-3p,3,1,0,2.3,-12.71,-167.2,1
NONHSAT046851.2_hsa-miR-424-5p,0,0,0,0.0,-12.98,-1724.22,1
NONHSAT047173.2_hsa-miR-28-5p,0,0,0,0.0,-25.629999,-296.1,1
NONHSAT047173.2_hsa-miR-708-5p,0,0,0,0.0,-18.91,-296.1,1
NONHSAT047178.2_hsa-miR-708-5p,0,0,0,0.0,-28.530001,-789.7,1
NONHSAT047180.2_hsa-miR-374b-5p,0,0,0,0.0,-7.54,-570.9,1
NONHSAT047183.2_hsa-miR-18a-5p,0,0,0,0.0,-13.67,-605.8,1
NONHSAT047189.2_hsa-miR-28-5p,3,1,0,-3.4,-17.290001,-230.4,1
NONHSAT047860.2_hsa-miR-539-5p,0,0,0,0.0,-16.43,-335.6,1
NONHSAT050237.2_hsa-miR-320b,0,0,0,0.0,-15.62,-201.1,1
NONHSAT053703.2_hsa-miR-16-5p,0,0,0,0.0,-18.299999,-374.2,1
NONHSAT053703.2_hsa-miR-371a-5p,0,0,0,0.0,-21.49,-374.2,1
NONHSAT054029.2_hsa-miR-455-5p,0,0,0,0.0,-14.93,-383.3,1
NONHSAT054035.2_hsa-miR-193a-3p,0,0,0,0.0,-20.379999,-1097.0,1
NONHSAT054730.2_hsa-miR-23c,0,0,0,0.0,-15.61,-362.4,1
NONHSAT054950.2_hsa-miR-361-5p,0,0,0,0.0,-14.13,-789.2,1
NONHSAT056037.2_hsa-miR-23b-3p,0,0,0,0.0,-14.39,-681.1,1
NONHSAT056037.2_hsa-miR-146b-5p,0,0,0,0.0,-11.53,-681.1,1
NONHSAT056037.2_hsa-miR-302e,1,1,0,1.2,-9.46,-681.1,1
NONHSAT056037.2_hsa-miR-490-3p,1,1,0,3.2,-18.82,-681.1,1
NONHSAT056040.2_hsa-miR-520d-3p,2,1,0,0.2,-17.620001,-701.4,1
NONHSAT056043.2_hsa-miR-15b-5p,0,0,0,0.0,-16.66,-140.5,1
NONHSAT056048.2_hsa-miR-15a-5p,3,1,0,2.4,-20.299999,-1069.5,1
NONHSAT056049.2_hsa-miR-146b-5p,0,0,0,0.0,-11.53,-457.9,1
NONHSAT056112.2_hsa-miR-495-3p,0,0,0,0.0,-9.97,-475.3,1
NONHSAT056430.2_hsa-miR-372-3p,0,0,0,0.0,-21.629999,-1792.85,1
NONHSAT057058.2_hsa-miR-125a-3p,0,0,0,0.0,-24.450001,-1219.1,1
NONHSAT057058.2_hsa-miR-130a-3p,0,0,0,0.0,-18.370001,-1219.1,1
NONHSAT057064.2_hsa-miR-181d-5p,1,1,0,1.1,-12.71,-478.0,1
NONHSAT057068.2_hsa-miR-34c-5p,0,0,0,0.0,-22.879999,-1238.4,1
NONHSAT059044.2_hsa-miR-33a-5p,0,0,0,0.0,-18.700001,-656.4,1
NONHSAT060307.2_hsa-miR-488-3p,0,1,0,4.0,-13.29,-346.9,1
NONHSAT060338.2_hsa-miR-363-3p,4,1,0,-2.9,-17.07,-662.1,1
NONHSAT061038.2_hsa-miR-488-3p,0,0,0,0.0,-12.09,-627.5,1
NONHSAT061078.2_hsa-miR-182-5p,2,1,0,3.2,-11.08,-755.04,1
NONHSAT061079.2_hsa-miR-182-5p,2,1,0,3.2,-11.08,-640.64,1
NONHSAT063709.2_hsa-miR-155-5p,0,1,0,4.9,-18.08,-5315.51,1
NONHSAT063965.2_hsa-miR-24-3p,0,0,0,0.0,-12.5,-295.1,1
NONHSAT063969.2_hsa-miR-143-3p,0,0,0,0.0,-18.620001,-427.2,1
NONHSAT063971.2_hsa-miR-449a,0,0,0,0.0,-16.959999,-443.7,1
NONHSAT063972.2_hsa-miR-539-5p,0,0,0,0.0,-14.12,-704.0,1
NONHSAT063974.2_hsa-miR-539-5p,0,0,0,0.0,-14.12,-138.4,1
NONHSAT063974.2_hsa-miR-4770,0,0,0,0.0,-12.98,-138.4,1
NONHSAT063980.2_hsa-miR-199a-5p,0,0,0,0.0,-20.49,-4314.5,1
NONHSAT063980.2_hsa-miR-199b-5p,0,0,0,0.0,-24.610001,-4314.5,1
NONHSAT065865.2_hsa-miR-30a-5p,0,0,0,0.0,-10.15,-1468.1,1
NONHSAT065868.2_hsa-miR-504-5p,0,0,0,0.0,-36.52,-1480.5,1
NONHSAT065869.2_hsa-miR-148b-3p,0,0,0,0.0,-21.209999,-1553.4,1
NONHSAT065984.2_hsa-miR-186-5p,0,0,0,0.0,-13.39,-451.9,1
NONHSAT065985.2_hsa-let-7d-5p,0,0,0,0.0,-23.07,-725.1,1
NONHSAT065992.2_hsa-miR-33a-5p,1,1,0,2.3,-14.19,-219.1,1
NONHSAT066114.2_hsa-miR-124-3p,0,0,0,0.0,-15.35,-281.0,1
NONHSAT066470.2_hsa-miR-23c,0,0,0,0.0,-8.97,-162.0,1
NONHSAT066666.2_hsa-miR-4644,4,1,0,-5.1,-21.379999,-153.8,1
NONHSAT067075.2_hsa-miR-4319,0,0,0,0.0,-15.97,-1017.2,1
NONHSAT068185.2_hsa-miR-362-3p,0,0,0,0.0,-16.33,-404.0,1
NONHSAT068223.2_hsa-miR-302e,0,0,0,0.0,-12.32,-1234.9,1
NONHSAT068369.2_hsa-miR-216a-5p,0,0,0,0.0,-18.92,-681.0,1
NONHSAT069465.2_hsa-miR-320d,0,0,0,0.0,-12.56,-440.6,1
NONHSAT071389.2_hsa-miR-34a-5p,3,1,0,-0.8,-16.540001,-254.8,1
NONHSAT071397.2_hsa-miR-449a,7,1,0,-5.3,-18.290001,-157.5,1
NONHSAT071409.2_hsa-miR-34c-5p,7,1,0,-5.3,-22.860001,-211.9,1
NONHSAT071440.2_hsa-miR-34c-5p,7,1,0,-5.3,-22.860001,-220.4,1
NONHSAT071519.2_hsa-miR-301a-3p,2,1,0,-0.6,-15.38,-384.8,1
NONHSAT071668.2_hsa-miR-448,0,0,0,0.0,-18.209999,-1921.67,1
NONHSAT071668.2_hsa-miR-3666,0,0,0,0.0,-17.32,-1921.67,1
NONHSAT072145.2_hsa-miR-193a-3p,0,0,0,0.0,-16.469999,-205.2,1
NONHSAT073770.2_hsa-miR-145-5p,2,1,0,-0.1,-20.18,-517.3,1
NONHSAT074192.2_hsa-miR-30e-5p,6,1,0,-2.7,-19.610001,-850.1,1
NONHSAT075641.2_hsa-miR-326,0,0,0,0.0,-19.110001,-1172.2,1
NONHSAT075758.2_hsa-miR-139-5p,0,1,0,4.1,-16.200001,-1426.3,1
NONHSAT075777.2_hsa-miR-424-5p,0,1,0,4.4,-19.99,-292.7,1
NONHSAT075789.2_hsa-miR-497-5p,0,0,0,0.0,-16.780001,-200.0,1
NONHSAT075795.2_hsa-miR-497-5p,0,0,0,0.0,-21.25,-147.6,1
NONHSAT078100.2_hsa-miR-99a-5p,2,1,0,-2.3,-11.74,-709.0,1
NONHSAT078100.2_hsa-miR-99b-5p,2,1,0,-2.3,-12.81,-709.0,1
NONHSAT079852.2_hsa-miR-296-3p,6,1,0,-4.5,-27.77,-506.7,1
NONHSAT080579.2_hsa-miR-449a,2,1,0,-2.5,-28.16,-447.1,1
NONHSAT080581.2_hsa-miR-329-3p,6,1,0,-10.2,-24.18,-211.3,1
NONHSAT082514.2_hsa-miR-15a-5p,0,0,0,0.0,-18.959999,-748.8,1
NONHSAT082946.2_hsa-miR-26a-5p,0,0,0,0.0,-14.31,-392.9,1
NONHSAT082946.2_hsa-miR-4465,0,0,0,0.0,-18.66,-392.9,1
NONHSAT084617.2_hsa-miR-22-3p,0,0,0,0.0,-16.389999,-203.9,1
NONHSAT084824.2_hsa-miR-142-3p,0,0,0,0.0,-16.67,-1102.3,1
NONHSAT084825.2_hsa-miR-142-3p,0,0,0,0.0,-16.67,-2142.4,1
NONHSAT084825.2_hsa-miR-186-5p,4,1,0,-1.7,-18.09,-2142.4,1
NONHSAT084825.2_hsa-miR-376a-3p,1,1,0,3.1,-7.36,-2142.4,1
NONHSAT084827.2_hsa-miR-31-5p,0,0,0,0.0,-22.74,-2167.9,1
NONHSAT084827.2_hsa-miR-222-3p,1,1,0,2.9,-20.709999,-2167.9,1
NONHSAT084828.2_hsa-miR-376b-3p,2,1,0,2.2,-8.99,-1950.2,1
NONHSAT084828.2_hsa-miR-542-3p,3,1,0,-1.0,-20.42,-1950.2,1
NONHSAT084830.2_hsa-miR-370-3p,0,0,0,0.0,-22.82,-1820.3,1
NONHSAT084831.2_hsa-miR-376a-3p,1,1,0,3.1,-7.36,-2160.8,1
NONHSAT084832.2_hsa-miR-29c-3p,0,0,0,0.0,-19.18,-4508.2,1
NONHSAT084832.2_hsa-miR-410-3p,2,1,0,3.9,-10.1,-4508.2,1
NONHSAT084835.2_hsa-miR-196a-5p,0,0,0,0.0,-15.14,-105.5,1
NONHSAT084837.2_hsa-miR-376b-3p,2,1,0,2.2,-8.99,-1242.8,1
NONHSAT084838.2_hsa-miR-186-5p,4,1,0,-1.7,-18.09,-2281.6,1
NONHSAT084838.2_hsa-miR-410-3p,2,1,0,3.9,-10.1,-2281.6,1
NONHSAT086997.2_hsa-miR-326,0,0,0,0.0,-19.879999,-364.5,1
NONHSAT087687.2_hsa-miR-433-3p,0,0,0,0.0,-17.67,-119.8,1
NONHSAT087761.2_hsa-miR-29b-3p,0,0,0,0.0,-24.0,-962.5,1
NONHSAT087766.2_hsa-miR-26a-5p,0,0,0,0.0,-11.33,-283.7,1
NONHSAT087766.2_hsa-miR-181d-5p,6,1,0,-3.3,-22.91,-283.7,1
NONHSAT087774.2_hsa-miR-23a-3p,0,0,0,0.0,-10.78,-208.5,1
NONHSAT087790.2_hsa-miR-4306,0,0,0,0.0,-13.7,-185.9,1
NONHSAT088369.2_hsa-miR-22-3p,0,0,0,0.0,-15.22,-1502.6,1
NONHSAT088369.2_hsa-miR-320b,0,0,0,0.0,-13.44,-1502.6,1
NONHSAT088370.2_hsa-miR-454-3p,0,0,0,0.0,-14.25,-1183.2,1
NONHSAT088371.2_hsa-miR-214-3p,0,0,0,0.0,-21.67,-1070.9,1
NONHSAT088373.2_hsa-miR-302b-3p,0,0,0,0.0,-14.28,-1274.4,1
NONHSAT088373.2_hsa-miR-497-5p,0,0,0,0.0,-9.74,-1274.4,1
NONHSAT088373.2_hsa-miR-4295,0,0,0,0.0,-12.01,-1274.4,1
NONHSAT093164.2_hsa-miR-429,0,0,0,0.0,-15.04,-1857.9,1
NONHSAT093395.2_hsa-miR-373-3p,1,1,0,4.8,-22.25,-508.7,1
NONHSAT094327.2_hsa-miR-19b-3p,0,0,0,0.0,-11.5,-408.0,1
NONHSAT094688.2_hsa-miR-200a-3p,0,0,0,0.0,-16.190001,-1106.7,1
NONHSAT097518.2_hsa-miR-544a,0,0,0,0.0,-15.43,-1313.9,1
NONHSAT100515.2_hsa-miR-519d-3p,0,0,0,0.0,-8.87,-308.4,1
NONHSAT101254.2_hsa-miR-195-5p,0,0,0,0.0,-14.09,-913.2,1
NONHSAT102266.2_hsa-miR-382-5p,0,0,0,0.0,-11.04,-206.0,1
NONHSAT102266.2_hsa-miR-3118,0,0,0,0.0,-11.84,-206.0,1
NONHSAT102609.2_hsa-miR-141-3p,0,0,0,0.0,-17.93,-4762.42,1
NONHSAT102621.2_hsa-miR-135b-5p,0,0,0,0.0,-10.7,-155.5,1
NONHSAT102630.2_hsa-miR-4295,0,0,0,0.0,-7.55,-246.7,1
NONHSAT102652.2_hsa-miR-135b-5p,1,1,0,3.8,-11.84,-894.1,1
NONHSAT103211.2_hsa-miR-15b-5p,0,0,0,0.0,-17.370001,-470.3,1
NONHSAT103211.2_hsa-miR-214-3p,0,0,0,0.0,-16.82,-470.3,1
NONHSAT104512.2_hsa-miR-15a-5p,0,0,0,0.0,-15.41,-2248.0,1
NONHSAT104811.2_hsa-miR-20a-5p,0,0,0,0.0,-12.41,-1085.7,1
NONHSAT104813.2_hsa-miR-106b-5p,0,0,0,0.0,-12.8,-883.0,1
NONHSAT108289.2_hsa-miR-376c-3p,0,0,0,0.0,-9.97,-2055.5,1
NONHSAT108578.2_hsa-miR-16-5p,0,0,0,0.0,-17.68,-817.8,1
NONHSAT108621.2_hsa-miR-16-5p,0,0,0,0.0,-19.67,-1314.3,1
NONHSAT108623.2_hsa-miR-320d,0,0,0,0.0,-14.62,-1388.9,1
NONHSAT108623.2_hsa-miR-372-3p,0,0,0,0.0,-18.35,-1388.9,1
NONHSAT108624.2_hsa-miR-107,0,0,0,0.0,-22.85,-1271.4,1
NONHSAT108633.2_hsa-miR-520c-3p,1,1,0,4.8,-15.89,-921.74,1
NONHSAT108768.2_hsa-miR-20a-5p,0,0,0,0.0,-16.799999,-918.9,1
NONHSAT108895.2_hsa-let-7e-5p,0,0,0,0.0,-22.450001,-193.8,1
NONHSAT113229.2_hsa-miR-19a-3p,0,0,0,0.0,-20.620001,-440.4,1
NONHSAT113311.2_hsa-miR-4429,0,0,0,0.0,-16.82,-602.5,1
NONHSAT113465.2_hsa-miR-204-5p,0,0,0,0.0,-12.81,-49.34,1
NONHSAT113465.2_hsa-miR-211-5p,0,0,0,0.0,-12.03,-49.34,1
NONHSAT113854.2_hsa-miR-377-3p,0,0,0,0.0,-12.22,-372.5,1
NONHSAT113860.2_hsa-miR-212-3p,0,0,0,0.0,-14.84,-261.9,1
NONHSAT113966.2_hsa-miR-421,0,1,0,3.9,-14.85,-1176.87,1
NONHSAT114119.2_hsa-miR-363-3p,0,1,0,4.4,-9.53,-452.2,1
NONHSAT114471.2_hsa-miR-320c,1,1,0,5.9,-18.59,-777.7,1
NONHSAT114474.2_hsa-miR-4429,5,1,0,-2.5,-22.23,-438.5,1
NONHSAT114475.2_hsa-miR-16-5p,0,0,0,0.0,-16.110001,-364.9,1
NONHSAT115664.2_hsa-miR-129-5p,3,1,0,-3.6,-15.01,-867.1,1
NONHSAT116022.2_hsa-miR-23a-3p,0,0,0,0.0,-13.36,-697.9,1
NONHSAT116228.2_hsa-miR-3619-5p,0,0,0,0.0,-27.65,-835.8,1
NONHSAT116373.2_hsa-miR-133a-3p,2,1,0,1.9,-21.040001,-2627.0,1
NONHSAT116373.2_hsa-miR-424-5p,0,1,0,4.0,-15.5,-2627.0,1
NONHSAT116374.2_hsa-miR-9-5p,0,0,0,0.0,-21.9,-2064.0,1
NONHSAT116374.2_hsa-miR-93-5p,0,0,0,0.0,-15.05,-2064.0,1
NONHSAT116377.2_hsa-miR-302e,0,0,0,0.0,-10.27,-1244.3,1
NONHSAT116377.2_hsa-miR-378c,2,1,0,-0.9,-20.43,-1244.3,1
NONHSAT116378.2_hsa-miR-103a-3p,3,1,0,-2.5,-20.559999,-695.9,1
NONHSAT116589.2_hsa-miR-16-5p,0,0,0,0.0,-19.67,-2061.3,1
NONHSAT116589.2_hsa-miR-196b-5p,0,0,0,0.0,-27.299999,-2061.3,1
NONHSAT116589.2_hsa-miR-214-3p,0,0,0,0.0,-22.110001,-2061.3,1
NONHSAT116589.2_hsa-miR-320c,0,0,0,0.0,-14.49,-2061.3,1
NONHSAT116590.2_hsa-miR-520d-3p,0,0,0,0.0,-12.33,-2128.7,1
NONHSAT116592.2_hsa-miR-4429,0,0,0,0.0,-16.790001,-2625.2,1
NONHSAT116593.2_hsa-miR-9-5p,0,0,0,0.0,-18.889999,-1378.3,1
NONHSAT116594.2_hsa-miR-9-5p,0,0,0,0.0,-18.889999,-1271.4,1
NONHSAT116594.2_hsa-miR-320c,0,0,0,0.0,-14.49,-1271.4,1
NONHSAT116595.2_hsa-miR-196b-5p,3,1,0,-1.9,-24.0,-695.9,1
NONHSAT116597.2_hsa-miR-133a-3p,5,1,0,-1.4,-15.69,-1310.6,1
NONHSAT116597.2_hsa-miR-4429,0,0,0,0.0,-16.790001,-1310.6,1
NONHSAT116942.2_hsa-miR-30a-5p,0,0,0,0.0,-19.389999,-2064.0,1
NONHSAT116943.2_hsa-miR-17-5p,0,0,0,0.0,-13.66,-2131.4,1
NONHSAT116943.2_hsa-miR-214-3p,0,0,0,0.0,-22.110001,-2131.4,1
NONHSAT116943.2_hsa-miR-378f,0,0,0,0.0,-19.860001,-2131.4,1
NONHSAT116943.2_hsa-miR-4429,0,0,0,0.0,-16.790001,-2131.4,1
NONHSAT116945.2_hsa-miR-106a-5p,0,0,0,0.0,-15.29,-1308.2,1
NONHSAT116945.2_hsa-miR-449b-5p,0,0,0,0.0,-25.93,-1308.2,1
NONHSAT116946.2_hsa-miR-34c-5p,0,0,0,0.0,-24.67,-1375.9,1
NONHSAT116946.2_hsa-miR-424-5p,0,1,0,4.0,-15.5,-1375.9,1
NONHSAT116948.2_hsa-miR-320b,0,0,0,0.0,-16.969999,-1269.0,1
NONHSAT117291.2_hsa-miR-146b-5p,0,0,0,0.0,-19.58,-2637.6,1
NONHSAT117291.2_hsa-miR-378a-3p,0,0,0,0.0,-22.6,-2637.6,1
NONHSAT117291.2_hsa-miR-378b,0,0,0,0.0,-20.799999,-2637.6,1
NONHSAT117291.2_hsa-miR-378f,0,0,0,0.0,-19.860001,-2637.6,1
NONHSAT117291.2_hsa-miR-378i,0,0,0,0.0,-22.440001,-2637.6,1
NONHSAT117293.2_hsa-miR-497-5p,0,0,0,0.0,-17.870001,-2145.6,1
NONHSAT117293.2_hsa-miR-499a-5p,3,1,0,1.5,-18.040001,-2145.6,1
NONHSAT117294.2_hsa-miR-4306,0,0,0,0.0,-19.440001,-1385.7,1
NONHSAT117295.2_hsa-miR-15b-5p,3,1,0,3.5,-17.32,-1257.3,1
NONHSAT117295.2_hsa-miR-424-5p,0,1,0,4.0,-15.5,-1257.3,1
NONHSAT117295.2_hsa-miR-495-3p,0,0,0,0.0,-12.8,-1257.3,1
NONHSAT117296.2_hsa-miR-20a-5p,0,0,0,0.0,-19.309999,-1277.4,1
NONHSAT117296.2_hsa-miR-195-5p,0,0,0,0.0,-18.110001,-1277.4,1
NONHSAT117296.2_hsa-miR-302d-3p,0,0,0,0.0,-17.719999,-1277.4,1
NONHSAT117296.2_hsa-miR-496,0,0,0,0.0,-9.15,-1277.4,1
NONHSAT117951.2_hsa-miR-30a-5p,0,0,0,0.0,-19.389999,-2129.1,1
NONHSAT117951.2_hsa-miR-373-3p,0,0,0,0.0,-18.360001,-2129.1,1
NONHSAT117952.2_hsa-miR-193b-3p,0,1,0,3.9,-16.719999,-2625.6,1
NONHSAT117952.2_hsa-miR-302d-3p,0,0,0,0.0,-17.719999,-2625.6,1
NONHSAT117952.2_hsa-miR-4644,0,0,0,0.0,-22.719999,-2625.6,1
NONHSAT117953.2_hsa-miR-106a-5p,0,0,0,0.0,-15.29,-2061.7,1
NONHSAT117954.2_hsa-miR-449a,0,0,0,0.0,-23.790001,-695.9,1
NONHSAT117955.2_hsa-miR-34c-5p,0,0,0,0.0,-24.67,-1378.3,1
NONHSAT117955.2_hsa-miR-449a,0,0,0,0.0,-23.790001,-1378.3,1
NONHSAT117957.2_hsa-miR-155-5p,0,0,0,0.0,-14.45,-1271.4,1
NONHSAT117958.2_hsa-miR-4429,0,0,0,0.0,-16.790001,-1310.6,1
NONHSAT118303.2_hsa-miR-320d,0,0,0,0.0,-14.62,-2067.6,1
NONHSAT118304.2_hsa-miR-106b-5p,0,0,0,0.0,-19.129999,-2135.0,1
NONHSAT118304.2_hsa-miR-214-3p,0,0,0,0.0,-22.110001,-2135.0,1
NONHSAT118304.2_hsa-miR-370-3p,5,1,0,-2.4,-32.080002,-2135.0,1
NONHSAT118304.2_hsa-miR-378f,0,0,0,0.0,-19.860001,-2135.0,1
NONHSAT118304.2_hsa-miR-424-5p,0,1,0,4.0,-15.5,-2135.0,1
NONHSAT118304.2_hsa-miR-520d-3p,0,0,0,0.0,-12.33,-2135.0,1
NONHSAT118308.2_hsa-miR-302e,0,0,0,0.0,-10.27,-1271.4,1
NONHSAT118308.2_hsa-miR-4429,0,0,0,0.0,-16.790001,-1271.4,1
NONHSAT118309.2_hsa-miR-214-3p,0,0,0,0.0,-23.120001,-1246.7,1
NONHSAT118310.2_hsa-miR-302e,0,0,0,0.0,-10.27,-695.9,1
NONHSAT118398.2_hsa-miR-106b-5p,0,0,0,0.0,-13.77,-878.6,1
NONHSAT118601.2_hsa-miR-363-3p,0,0,0,0.0,-10.41,-1819.4,1
NONHSAT118601.2_hsa-miR-544a,0,0,0,0.0,-17.93,-1819.4,1
NONHSAT118746.2_hsa-miR-143-3p,0,0,0,0.0,-16.6,-2516.5,1
NONHSAT119666.2_hsa-miR-103a-3p,5,1,0,-1.1,-18.15,-256.3,1
NONHSAT119706.2_hsa-miR-148b-3p,0,0,0,0.0,-17.48,-3051.2,1
NONHSAT120417.2_hsa-miR-346,1,1,0,1.1,-23.83,-272.1,1
NONHSAT120519.2_hsa-miR-505-3p,1,1,0,1.2,-17.690001,-351.6,1
NONHSAT122124.2_hsa-miR-424-5p,1,1,0,2.8,-18.42,-1551.0,1
NONHSAT122128.2_hsa-miR-15b-5p,0,0,0,0.0,-14.14,-1312.7,1
NONHSAT122584.2_hsa-miR-376a-3p,1,1,0,3.8,-12.06,-355.7,1
NONHSAT128251.2_hsa-miR-129-5p,0,0,0,0.0,-6.66,-470.0,1
NONHSAT128590.2_hsa-miR-128-3p,0,0,0,0.0,-22.25,-647.17,1
NONHSAT129058.2_hsa-miR-455-5p,4,1,0,0.8,-14.06,-367.8,1
NONHSAT129073.2_hsa-miR-519d-3p,0,0,0,0.0,-18.59,-582.1,1
NONHSAT129370.2_hsa-let-7d-5p,0,0,0,0.0,-14.75,-1096.5,1
NONHSAT129370.2_hsa-miR-424-5p,0,0,0,0.0,-13.81,-1096.5,1
NONHSAT129651.2_hsa-miR-3666,0,0,0,0.0,-18.83,-1996.9,1
NONHSAT130334.2_hsa-miR-340-5p,0,0,0,0.0,-14.63,-503.2,1
NONHSAT130334.2_hsa-miR-3666,0,0,0,0.0,-14.51,-503.2,1
NONHSAT130421.2_hsa-miR-98-5p,0,0,0,0.0,-21.58,-1137.9,1
NONHSAT131039.2_hsa-miR-29b-3p,6,1,0,-3.5,-16.85,-1002.7,1
NONHSAT131039.2_hsa-miR-29c-3p,0,0,0,0.0,-14.18,-1002.7,1
NONHSAT131039.2_hsa-miR-302a-3p,0,0,0,0.0,-11.87,-1002.7,1
NONHSAT131041.2_hsa-miR-520c-3p,0,0,0,0.0,-15.31,-952.7,1
NONHSAT131042.2_hsa-miR-106b-5p,0,0,0,0.0,-14.16,-1001.4,1
NONHSAT131042.2_hsa-miR-519d-3p,0,0,0,0.0,-12.88,-1001.4,1
NONHSAT131044.2_hsa-miR-200a-3p,3,1,0,0.5,-17.1,-704.52,1
NONHSAT131044.2_hsa-miR-382-5p,3,1,0,1.7,-13.85,-704.52,1
NONHSAT131044.2_hsa-miR-520d-3p,0,0,0,0.0,-17.66,-704.52,1
NONHSAT133489.2_hsa-let-7c-5p,0,0,0,0.0,-23.809999,-121.0,1
NONHSAT133489.2_hsa-miR-154-5p,0,0,0,0.0,-9.88,-121.0,1
NONHSAT134528.2_hsa-let-7e-5p,0,0,0,0.0,-21.18,-253.1,1
NONHSAT134528.2_hsa-miR-98-5p,0,0,0,0.0,-18.75,-253.1,1
NONHSAT134604.2_hsa-miR-302a-3p,0,0,0,0.0,-14.07,-236.4,1
NONHSAT135581.2_hsa-miR-216b-5p,0,0,0,0.0,-16.43,-1019.2,1
NONHSAT135582.2_hsa-miR-186-5p,0,1,0,5.8,-11.6,-914.3,1
NONHSAT136250.2_hsa-miR-449b-5p,0,0,0,0.0,-18.299999,-256.8,1
NONHSAT137540.2_hsa-miR-448,0,0,0,0.0,-18.309999,-3733.99,1
NONHSAT137540.2_hsa-miR-4429,0,0,0,0.0,-22.18,-3733.99,1
NONHSAT137541.2_hsa-miR-15a-5p,0,0,0,0.0,-18.82,-5281.99,1
NONHSAT137541.2_hsa-miR-18a-5p,0,0,0,0.0,-24.17,-5281.99,1
NONHSAT137541.2_hsa-miR-29b-3p,0,0,0,0.0,-20.48,-5281.99,1
NONHSAT137541.2_hsa-miR-181b-5p,0,0,0,0.0,-20.15,-5281.99,1
NONHSAT137541.2_hsa-miR-4782-3p,0,0,0,0.0,-17.790001,-5281.99,1
NONHSAT137542.2_hsa-let-7e-5p,1,1,0,2.9,-22.790001,-173.3,1
NONHSAT137542.2_hsa-miR-485-5p,4,1,0,3.8,-19.440001,-173.3,1
NONHSAT137543.2_hsa-miR-429,0,0,0,0.0,-15.12,-812.22,1
NONHSAT137543.2_hsa-miR-506-3p,0,0,0,0.0,-14.49,-812.22,1
NONHSAT137543.2_hsa-miR-761,0,0,0,0.0,-17.059999,-812.22,1
NONHSAT137543.2_hsa-miR-876-5p,0,0,0,0.0,-12.89,-812.22,1
NONHSAT137544.2_hsa-miR-29c-3p,0,0,0,0.0,-19.59,-4515.79,1
NONHSAT137544.2_hsa-miR-30d-5p,0,0,0,0.0,-11.5,-4515.79,1
NONHSAT137544.2_hsa-miR-34c-5p,0,0,0,0.0,-21.4,-4515.79,1
NONHSAT137544.2_hsa-miR-301a-3p,0,0,0,0.0,-18.809999,-4515.79,1
NONHSAT137545.2_hsa-miR-9-5p,0,0,0,0.0,-21.459999,-3274.51,1
NONHSAT137545.2_hsa-miR-30a-5p,0,0,0,0.0,-9.64,-3274.51,1
NONHSAT137545.2_hsa-miR-193b-3p,2,1,0,0.3,-17.25,-3274.51,1
NONHSAT137546.2_hsa-miR-139-5p,0,0,0,0.0,-14.45,-1758.12,1
NONHSAT137546.2_hsa-miR-181b-5p,0,0,0,0.0,-20.15,-1758.12,1
NONHSAT137546.2_hsa-miR-320d,0,0,0,0.0,-17.299999,-1758.12,1
NONHSAT137546.2_hsa-miR-3139,4,1,0,-0.9,-14.43,-1758.12,1
NONHSAT137546.2_hsa-miR-4782-3p,0,0,0,0.0,-17.790001,-1758.12,1
NONHSAT137548.2_hsa-miR-30c-5p,0,1,0,5.1,-7.73,-1274.4,1
NONHSAT137548.2_hsa-miR-141-3p,0,0,0,0.0,-19.120001,-1274.4,1
NONHSAT137548.2_hsa-miR-320c,1,1,0,3.3,-20.940001,-1274.4,1
NONHSAT137549.2_hsa-miR-10a-5p,0,0,0,0.0,-16.790001,-4499.09,1
NONHSAT137549.2_hsa-miR-30a-5p,0,0,0,0.0,-16.690001,-4499.09,1
NONHSAT137549.2_hsa-miR-154-5p,0,0,0,0.0,-21.57,-4499.09,1
NONHSAT137549.2_hsa-miR-363-3p,0,0,0,0.0,-18.18,-4499.09,1
NONHSAT137549.2_hsa-miR-519d-3p,0,0,0,0.0,-18.07,-4499.09,1
NONHSAT137549.2_hsa-miR-590-3p,0,1,0,5.2,-13.74,-4499.09,1
NONHSAT137549.2_hsa-miR-4458,0,0,0,0.0,-23.84,-4499.09,1
NONHSAT137550.2_hsa-miR-98-5p,1,1,0,2.9,-15.31,-713.92,1
NONHSAT137550.2_hsa-miR-103a-3p,5,1,0,-5.3,-18.290001,-713.92,1
NONHSAT137550.2_hsa-miR-155-5p,0,0,0,0.0,-17.18,-713.92,1
NONHSAT137550.2_hsa-miR-181d-5p,0,0,0,0.0,-17.99,-713.92,1
NONHSAT137550.2_hsa-miR-193a-3p,2,1,0,0.3,-15.07,-713.92,1
NONHSAT137550.2_hsa-miR-370-3p,4,1,0,-4.9,-19.719999,-713.92,1
NONHSAT137550.2_hsa-miR-761,0,0,0,0.0,-17.059999,-713.92,1
NONHSAT137551.2_hsa-miR-185-5p,0,0,0,0.0,-20.389999,-642.92,1
NONHSAT137551.2_hsa-miR-371a-5p,0,0,0,0.0,-12.41,-642.92,1
NONHSAT137551.2_hsa-miR-372-3p,0,0,0,0.0,-13.96,-642.92,1
NONHSAT137553.2_hsa-miR-185-5p,0,0,0,0.0,-20.389999,-782.9,1
NONHSAT137553.2_hsa-miR-381-3p,0,0,0,0.0,-8.94,-782.9,1
NONHSAT137553.2_hsa-miR-449a,0,0,0,0.0,-26.6,-782.9,1
NONHSAT137555.2_hsa-miR-27b-3p,0,0,0,0.0,-18.059999,-1622.0,1
NONHSAT137555.2_hsa-miR-181c-5p,0,0,0,0.0,-13.31,-1622.0,1
NONHSAT137555.2_hsa-miR-485-5p,0,0,0,0.0,-15.49,-1622.0,1
NONHSAT137555.2_hsa-miR-539-5p,0,0,0,0.0,-14.6,-1622.0,1
NONHSAT137555.2_hsa-miR-4458,0,0,0,0.0,-23.84,-1622.0,1
NONHSAT137559.2_hsa-miR-190a-5p,5,1,0,-5.7,-13.57,-152.4,1
NONHSAT137559.2_hsa-miR-520c-3p,0,0,0,0.0,-11.86,-152.4,1
NONHSAT137568.2_hsa-miR-544a,0,0,0,0.0,-16.110001,-130.8,1
NONHSAT138267.2_hsa-miR-129-5p,0,0,0,0.0,-12.39,-744.1,1
NONHSAT138939.2_hsa-miR-4319,0,1,0,5.4,-19.0,-314.6,1
NONHSAT138964.2_hsa-miR-338-3p,3,1,0,-3.2,-16.32,-1059.4,1
NONHSAT138964.2_hsa-miR-425-5p,1,1,0,0.8,-19.42,-1059.4,1
NONHSAT141423.2_hsa-miR-3619-5p,0,0,0,0.0,-16.99,-77.3,1
NONHSAT143231.2_hsa-miR-373-3p,0,0,0,0.0,-20.98,-230.6,1
NONHSAT143364.2_hsa-miR-421,0,0,0,0.0,-16.370001,-306.5,1
NONHSAT143944.2_hsa-miR-17-5p,0,0,0,0.0,-23.040001,-883.2,1
NONHSAT143944.2_hsa-miR-520c-3p,0,0,0,0.0,-19.33,-883.2,1
NONHSAT144205.2_hsa-miR-15b-5p,0,0,0,0.0,-13.69,-632.5,1
NONHSAT144210.2_hsa-miR-497-5p,0,0,0,0.0,-13.86,-1131.9,1
NONHSAT145028.2_hsa-miR-199b-5p,1,1,0,0.1,-12.85,-607.7,1
NONHSAT145410.2_hsa-miR-214-3p,0,0,0,0.0,-19.0,-104.0,1
NONHSAT145732.2_hsa-miR-132-3p,0,0,0,0.0,-13.25,-878.5,1
NONHSAT145752.2_hsa-miR-519d-3p,0,0,0,0.0,-14.06,-1483.7,1
NONHSAT145753.2_hsa-miR-373-3p,4,1,0,0.1,-21.809999,-3596.0,1
NONHSAT145953.2_hsa-miR-223-3p,0,0,0,0.0,-7.24,-431.6,1
NONHSAT145957.2_hsa-miR-22-3p,0,0,0,0.0,-22.74,-285.3,1
NONHSAT021824.2_hsa-miR-302e,0,0,0,0.0,0.0,-166.7,0
NONHSAT021827.2_hsa-miR-454-3p,0,0,0,0.0,0.0,-449.1,0
NONHSAT021828.2_hsa-miR-107,0,0,0,0.0,0.0,-446.3,0
NONHSAT021828.2_hsa-miR-3666,0,0,0,0.0,0.0,-446.3,0
NONHSAT021829.2_hsa-miR-361-5p,0,0,0,0.0,0.0,-564.6,0
NONHSAT021830.2_hsa-miR-29a-3p,0,0,0,0.0,0.0,-805.6,0
NONHSAT021831.2_hsa-miR-4295,0,0,0,0.0,0.0,-426.8,0
NONHSAT021832.2_hsa-miR-374a-5p,0,0,0,0.0,0.0,-337.1,0
NONHSAT021832.2_hsa-miR-1297,0,0,0,0.0,0.0,-337.1,0
NONHSAT021837.2_hsa-miR-30e-5p,0,0,0,0.0,0.0,-184.4,0
NONHSAT021844.2_hsa-miR-29a-3p,0,0,0,0.0,0.0,-229.9,0
NONHSAT021844.2_hsa-miR-190a-5p,0,0,0,0.0,0.0,-229.9,0
NONHSAT021847.2_hsa-miR-520a-3p,0,0,0,0.0,0.0,-146.6,0
NONHSAT021848.2_hsa-miR-223-3p,3,1,0,2.3,-22.629999,-146.4,0
NONHSAT021853.2_hsa-miR-29b-3p,0,0,0,0.0,0.0,-148.1,0
NONHSAT022124.2_hsa-miR-18a-5p,0,1,0,4.2,-16.799999,-4375.9,0
NONHSAT022124.2_hsa-miR-372-3p,0,0,0,0.0,-23.51,-4375.9,0
NONHSAT022126.2_hsa-miR-16-5p,7,1,0,-6.4,-17.77,-1861.7,0
NONHSAT022126.2_hsa-miR-424-5p,7,1,0,-6.4,-16.309999,-1861.7,0
NONHSAT022132.2_hsa-miR-24-3p,0,0,0,0.0,0.0,-1997.7,0
NONHSAT022133.2_hsa-miR-29b-3p,2,1,0,-1.0,-14.94,-1903.0,0
NONHSAT022134.2_hsa-miR-29a-3p,0,0,0,0.0,-18.4,-1616.5,0
NONHSAT022135.2_hsa-miR-33b-5p,0,0,0,0.0,-15.7,-1827.1,0
NONHSAT022135.2_hsa-miR-302e,0,0,0,0.0,0.0,-1827.1,0
NONHSAT022143.2_hsa-miR-99b-5p,0,0,0,0.0,0.0,-1424.6,0
NONHSAT023373.2_hsa-miR-544a,0,0,0,0.0,0.0,-260.5,0
NONHSAT024750.2_hsa-miR-17-5p,0,0,0,0.0,0.0,-871.7,0
NONHSAT025357.2_hsa-miR-125b-5p,0,0,0,0.0,0.0,-1427.6,0
NONHSAT026232.2_hsa-let-7b-5p,0,0,0,0.0,0.0,-1398.2,0
NONHSAT026235.2_hsa-miR-373-3p,0,0,0,0.0,0.0,-167.9,0
NONHSAT026235.2_hsa-miR-519d-3p,0,0,0,0.0,0.0,-167.9,0
NONHSAT028407.2_hsa-miR-128-3p,0,0,0,0.0,0.0,-246.5,0
NONHSAT028512.2_hsa-miR-4735-3p,0,0,0,0.0,0.0,-592.3,0
NONHSAT030761.2_hsa-miR-200a-3p,0,0,0,0.0,0.0,-254.3,0
NONHSAT030763.2_hsa-miR-384,0,0,0,0.0,0.0,-230.8,0
NONHSAT030764.2_hsa-miR-301a-3p,0,0,0,0.0,0.0,-281.8,0
NONHSAT030880.2_hsa-miR-133a-3p,0,0,0,0.0,0.0,-56.4,0
NONHSAT030943.2_hsa-miR-181a-5p,0,0,0,0.0,-16.299999,-903.8,0
NONHSAT031447.2_hsa-miR-590-5p,0,0,0,0.0,0.0,-569.1,0
NONHSAT031611.2_hsa-miR-154-5p,0,0,0,0.0,0.0,-185.3,0
NONHSAT031611.2_hsa-miR-329-3p,0,0,0,0.0,-17.6,-185.3,0
NONHSAT031828.2_hsa-miR-96-5p,0,0,0,0.0,0.0,-118.8,0
NONHSAT031828.2_hsa-miR-130a-3p,0,0,0,0.0,0.0,-118.8,0
NONHSAT033562.2_hsa-miR-301a-3p,0,0,0,0.0,0.0,-514.2,0
NONHSAT033577.2_hsa-miR-19a-3p,0,0,0,0.0,0.0,-91.7,0
NONHSAT033606.2_hsa-miR-23a-3p,0,0,0,0.0,-17.09,-1059.5,0
NONHSAT033780.2_hsa-miR-27a-3p,2,1,0,-2.6,-20.91,-515.7,0
NONHSAT033787.2_hsa-miR-18b-5p,0,0,0,0.0,0.0,-2326.7,0
NONHSAT033797.2_hsa-miR-103a-3p,0,0,0,0.0,0.0,-323.77,0
NONHSAT033804.2_hsa-miR-590-5p,0,0,0,0.0,0.0,-160.4,0
NONHSAT034587.2_hsa-let-7a-5p,0,0,0,0.0,0.0,-410.7,0
NONHSAT034665.2_hsa-miR-15b-5p,0,0,0,0.0,0.0,-1402.4,0
NONHSAT034665.2_hsa-miR-133b,2,1,0,2.3,-12.77,-1402.4,0
NONHSAT034666.2_hsa-miR-215-5p,0,0,0,0.0,0.0,-347.9,0
NONHSAT034666.2_hsa-miR-455-5p,0,0,0,0.0,0.0,-347.9,0
NONHSAT034667.2_hsa-miR-20a-5p,0,0,0,0.0,-28.889999,-2470.49,0
NONHSAT034695.2_hsa-miR-193b-3p,0,0,0,0.0,0.0,-484.2,0
NONHSAT034767.2_hsa-miR-543,0,0,0,0.0,0.0,-392.4,0
NONHSAT035473.2_hsa-miR-141-3p,0,0,0,0.0,0.0,-165.8,0
NONHSAT035476.2_hsa-miR-219a-5p,0,0,0,0.0,0.0,-211.9,0
NONHSAT035479.2_hsa-miR-130a-3p,0,0,0,0.0,0.0,-206.5,0
NONHSAT035484.2_hsa-miR-181a-5p,0,0,0,0.0,0.0,-290.1,0
NONHSAT035489.2_hsa-miR-340-5p,0,0,0,0.0,0.0,-204.4,0
NONHSAT035503.2_hsa-miR-302a-3p,0,0,0,0.0,-11.02,-1317.3,0
NONHSAT035664.2_hsa-miR-449a,4,1,0,-0.4,-17.940001,-557.6,0
NONHSAT035958.2_hsa-miR-27a-3p,0,0,0,0.0,0.0,-340.3,0
NONHSAT036227.2_hsa-miR-124-3p,0,0,0,0.0,0.0,-150.5,0
NONHSAT037013.2_hsa-miR-194-5p,5,1,0,-4.7,-18.84,-2459.04,0
NONHSAT037123.2_hsa-miR-378f,0,0,0,0.0,0.0,-167.8,0
NONHSAT037133.2_hsa-miR-24-3p,0,0,0,0.0,0.0,-133.4,0
NONHSAT039186.2_hsa-miR-376c-3p,0,0,0,0.0,0.0,-457.0,0
NONHSAT039757.2_hsa-miR-185-5p,0,0,0,0.0,-16.91,-700.3,0
NONHSAT039759.2_hsa-miR-106b-5p,0,0,0,0.0,-12.34,-499.2,0
NONHSAT039764.2_hsa-miR-125b-5p,0,0,0,0.0,-14.83,-615.0,0
NONHSAT039782.2_hsa-miR-23b-3p,0,0,0,0.0,0.0,-1065.1,0
NONHSAT040199.2_hsa-miR-378e,0,0,0,0.0,0.0,-290.5,0
NONHSAT040966.2_hsa-miR-30b-5p,0,0,0,0.0,0.0,-1007.0,0
NONHSAT040970.2_hsa-miR-539-5p,0,0,0,0.0,0.0,-129.2,0
NONHSAT040990.2_hsa-miR-3529-5p,0,0,0,0.0,0.0,-177.7,0
NONHSAT040990.2_hsa-miR-4429,0,0,0,0.0,0.0,-177.7,0
NONHSAT041028.2_hsa-miR-133a-3p,3,1,0,-3.5,-22.700001,-2488.1,0
NONHSAT041028.2_hsa-miR-148b-3p,0,0,0,0.0,-20.5,-2488.1,0
NONHSAT041066.2_hsa-miR-429,0,0,0,0.0,0.0,-191.1,0
NONHSAT041067.2_hsa-miR-449a,0,0,0,0.0,0.0,-304.7,0
NONHSAT041077.2_hsa-miR-193b-3p,7,1,0,-12.7,-15.95,-274.5,0
NONHSAT041085.2_hsa-miR-16-5p,0,0,0,0.0,0.0,-1373.0,0
NONHSAT041085.2_hsa-miR-454-3p,0,0,0,0.0,-24.49,-1373.0,0
NONHSAT041096.2_hsa-miR-15b-5p,0,0,0,0.0,0.0,-936.4,0
NONHSAT041096.2_hsa-miR-302a-3p,0,0,0,0.0,0.0,-936.4,0
NONHSAT041439.2_hsa-miR-200b-3p,0,0,0,0.0,0.0,-172.2,0
NONHSAT041920.2_hsa-miR-196a-5p,0,0,0,0.0,0.0,-2788.17,0
NONHSAT041922.2_hsa-miR-496,0,0,0,0.0,0.0,-425.7,0
NONHSAT041922.2_hsa-miR-3666,0,0,0,0.0,0.0,-425.7,0
NONHSAT041924.2_hsa-miR-125a-5p,0,0,0,0.0,0.0,-210.2,0
NONHSAT041924.2_hsa-miR-497-5p,0,0,0,0.0,0.0,-210.2,0
NONHSAT041925.2_hsa-miR-370-3p,0,0,0,0.0,0.0,-162.0,0
NONHSAT041925.2_hsa-miR-519d-3p,0,0,0,0.0,0.0,-162.0,0
NONHSAT041926.2_hsa-miR-302a-3p,0,0,0,0.0,0.0,-195.3,0
NONHSAT041926.2_hsa-miR-4782-3p,0,0,0,0.0,0.0,-195.3,0
NONHSAT041927.2_hsa-miR-107,0,0,0,0.0,0.0,-2201.4,0
NONHSAT041928.2_hsa-miR-15a-5p,0,0,0,0.0,0.0,-248.3,0
NONHSAT041930.2_hsa-miR-125a-3p,0,0,0,0.0,0.0,-363.3,0
NONHSAT041930.2_hsa-miR-134-5p,0,0,0,0.0,0.0,-363.3,0
NONHSAT041933.2_hsa-miR-98-5p,0,0,0,0.0,-19.139999,-2673.47,0
NONHSAT041933.2_hsa-miR-107,0,0,0,0.0,0.0,-2673.47,0
NONHSAT041933.2_hsa-miR-196b-5p,5,1,0,-3.2,-21.450001,-2673.47,0
NONHSAT046852.2_hsa-miR-106a-5p,0,0,0,0.0,0.0,-1642.82,0
NONHSAT046854.2_hsa-miR-370-3p,0,0,0,0.0,0.0,-1616.32,0
NONHSAT047175.2_hsa-miR-4725-5p,0,0,0,0.0,0.0,-122.7,0
NONHSAT047178.2_hsa-miR-381-3p,0,0,0,0.0,0.0,-789.7,0
NONHSAT050233.2_hsa-miR-93-5p,5,1,0,-7.7,-20.43,-289.6,0
NONHSAT050236.2_hsa-miR-378b,0,0,0,0.0,0.0,-151.1,0
NONHSAT050240.2_hsa-miR-302a-3p,0,0,0,0.0,0.0,-139.2,0
NONHSAT051762.2_hsa-miR-19b-3p,0,0,0,0.0,0.0,-720.2,0
NONHSAT052789.2_hsa-miR-4644,3,1,0,-3.2,-24.77,-1106.7,0
NONHSAT054029.2_hsa-miR-3619-5p,0,0,0,0.0,0.0,-383.3,0
NONHSAT054035.2_hsa-miR-103a-3p,0,0,0,0.0,0.0,-1097.0,0
NONHSAT054035.2_hsa-miR-519d-3p,0,0,0,0.0,0.0,-1097.0,0
NONHSAT054915.2_hsa-miR-212-3p,0,0,0,0.0,-14.71,-1171.3,0
NONHSAT054929.2_hsa-miR-148a-3p,0,0,0,0.0,-22.42,-1221.5,0
NONHSAT055173.2_hsa-miR-29b-3p,0,0,0,0.0,0.0,-715.2,0
NONHSAT055311.2_hsa-miR-31-5p,0,0,0,0.0,0.0,-602.4,0
NONHSAT055667.2_hsa-miR-92b-3p,0,0,0,0.0,0.0,-104.3,0
NONHSAT055668.2_hsa-miR-519d-3p,0,0,0,0.0,0.0,-165.9,0
NONHSAT055670.2_hsa-let-7b-5p,0,0,0,0.0,0.0,-88.1,0
NONHSAT055670.2_hsa-miR-27a-3p,0,0,0,0.0,0.0,-88.1,0
NONHSAT056040.2_hsa-miR-330-5p,0,0,0,0.0,0.0,-701.4,0
NONHSAT056041.2_hsa-miR-134-5p,0,0,0,0.0,0.0,-166.0,0
NONHSAT056041.2_hsa-miR-3666,0,0,0,0.0,0.0,-166.0,0
NONHSAT056042.2_hsa-miR-328-3p,0,0,0,0.0,0.0,-194.5,0
NONHSAT056043.2_hsa-miR-4644,0,0,0,0.0,0.0,-140.5,0
NONHSAT056047.2_hsa-miR-361-5p,0,0,0,0.0,0.0,-558.7,0
NONHSAT056048.2_hsa-miR-153-3p,0,0,0,0.0,0.0,-1069.5,0
NONHSAT056113.2_hsa-miR-539-5p,0,0,0,0.0,0.0,-443.8,0
NONHSAT056426.2_hsa-miR-20a-5p,0,0,0,0.0,-20.66,-2089.5,0
NONHSAT056928.2_hsa-miR-29a-3p,0,0,0,0.0,0.0,-232.5,0
NONHSAT056928.2_hsa-miR-449a,0,0,0,0.0,0.0,-232.5,0
NONHSAT057061.2_hsa-miR-29a-3p,0,0,0,0.0,0.0,-804.4,0
NONHSAT059053.2_hsa-miR-3619-5p,0,0,0,0.0,0.0,-139.1,0
NONHSAT060748.2_hsa-miR-30e-5p,0,0,0,0.0,0.0,-893.5,0
NONHSAT060807.2_hsa-miR-342-3p,0,0,0,0.0,0.0,-265.8,0
NONHSAT061039.2_hsa-miR-224-5p,0,0,0,0.0,0.0,-136.0,0
NONHSAT061079.2_hsa-miR-31-5p,0,0,0,0.0,0.0,-640.64,0
NONHSAT061185.2_hsa-miR-15a-5p,0,0,0,0.0,0.0,-473.7,0
NONHSAT061530.2_hsa-miR-106b-5p,2,1,0,2.7,-20.77,-3162.1,0
NONHSAT061654.2_hsa-miR-1297,1,1,0,3.6,-16.76,-1834.0,0
NONHSAT063710.2_hsa-miR-125a-5p,0,0,0,0.0,0.0,-159.4,0
NONHSAT063962.2_hsa-miR-19a-3p,0,0,0,0.0,0.0,-169.7,0
NONHSAT063962.2_hsa-miR-372-3p,0,0,0,0.0,0.0,-169.7,0
NONHSAT063962.2_hsa-miR-378a-3p,0,0,0,0.0,0.0,-169.7,0
NONHSAT063962.2_hsa-miR-3139,0,0,0,0.0,0.0,-169.7,0
NONHSAT063965.2_hsa-miR-106b-5p,0,0,0,0.0,0.0,-295.1,0
NONHSAT063966.2_hsa-miR-17-5p,0,0,0,0.0,0.0,-430.8,0
NONHSAT063966.2_hsa-miR-302e,0,0,0,0.0,0.0,-430.8,0
NONHSAT063979.2_hsa-miR-455-5p,0,0,0,0.0,0.0,-137.6,0
NONHSAT063983.2_hsa-miR-20b-5p,0,0,0,0.0,0.0,-463.6,0
NONHSAT063984.2_hsa-miR-26b-5p,0,0,0,0.0,0.0,-294.0,0
NONHSAT063997.2_hsa-miR-491-5p,0,0,0,0.0,0.0,-784.2,0
NONHSAT064004.2_hsa-miR-132-3p,0,0,0,0.0,0.0,-224.7,0
NONHSAT064005.2_hsa-miR-130b-3p,0,0,0,0.0,0.0,-143.9,0
NONHSAT064011.2_hsa-let-7a-5p,0,0,0,0.0,0.0,-916.5,0
NONHSAT064011.2_hsa-miR-335-5p,0,0,0,0.0,-12.95,-916.5,0
NONHSAT064038.2_hsa-miR-221-3p,0,0,0,0.0,0.0,-1040.0,0
NONHSAT064038.2_hsa-miR-761,2,1,0,0.3,-20.950001,-1040.0,0
NONHSAT065780.2_hsa-miR-653-5p,0,0,0,0.0,0.0,-188.8,0
NONHSAT065864.2_hsa-miR-143-3p,0,0,0,0.0,0.0,-606.1,0
NONHSAT065865.2_hsa-miR-195-5p,1,1,0,2.1,-15.43,-1468.1,0
NONHSAT065985.2_hsa-miR-382-5p,0,0,0,0.0,0.0,-725.1,0
NONHSAT065989.2_hsa-miR-497-5p,0,0,0,0.0,0.0,-226.0,0
NONHSAT065993.2_hsa-miR-429,0,0,0,0.0,0.0,-283.2,0
NONHSAT065995.2_hsa-miR-31-5p,0,0,0,0.0,0.0,-455.8,0
NONHSAT069766.2_hsa-miR-101-3p,0,0,0,0.0,0.0,-131.7,0
NONHSAT071376.2_hsa-miR-30e-5p,0,0,0,0.0,0.0,-286.8,0
NONHSAT071389.2_hsa-miR-874-3p,0,0,0,0.0,0.0,-254.8,0
NONHSAT071397.2_hsa-miR-130a-3p,0,0,0,0.0,0.0,-157.5,0
NONHSAT071399.2_hsa-miR-504-5p,0,0,0,0.0,0.0,-176.3,0
NONHSAT071400.2_hsa-miR-199b-5p,0,0,0,0.0,0.0,-242.6,0
NONHSAT071404.2_hsa-miR-24-3p,0,0,0,0.0,0.0,-1021.9,0
NONHSAT071405.2_hsa-miR-193b-3p,0,0,0,0.0,0.0,-293.9,0
NONHSAT071411.2_hsa-miR-7-5p,0,0,0,0.0,0.0,-183.4,0
NONHSAT071413.2_hsa-miR-128-3p,0,0,0,0.0,0.0,-152.0,0
NONHSAT071426.2_hsa-miR-197-3p,0,0,0,0.0,0.0,-581.1,0
NONHSAT071430.2_hsa-miR-196b-5p,0,0,0,0.0,0.0,-216.6,0
NONHSAT071433.2_hsa-miR-199a-5p,0,0,0,0.0,0.0,-134.2,0
NONHSAT071438.2_hsa-miR-154-5p,0,0,0,0.0,0.0,-237.5,0
NONHSAT071446.2_hsa-miR-30b-5p,0,0,0,0.0,0.0,-178.7,0
NONHSAT071448.2_hsa-miR-186-5p,0,0,0,0.0,0.0,-243.8,0
NONHSAT073630.2_hsa-miR-29c-3p,0,0,0,0.0,0.0,-105.7,0
NONHSAT074192.2_hsa-miR-449a,0,0,0,0.0,0.0,-850.1,0
NONHSAT074788.2_hsa-miR-30d-5p,0,0,0,0.0,0.0,-177.8,0
NONHSAT074797.2_hsa-miR-4319,1,1,0,0.4,-15.89,-1117.84,0
NONHSAT074829.2_hsa-miR-338-3p,0,0,0,0.0,0.0,-148.2,0
NONHSAT075641.2_hsa-miR-29b-3p,0,0,0,0.0,0.0,-1172.2,0
NONHSAT075642.2_hsa-miR-193a-3p,0,0,0,0.0,-15.3,-1162.7,0
NONHSAT075645.2_hsa-miR-302a-3p,0,0,0,0.0,-14.38,-1202.1,0
NONHSAT075758.2_hsa-miR-449b-5p,2,1,0,3.0,-22.290001,-1426.3,0
NONHSAT075759.2_hsa-miR-20b-5p,0,0,0,0.0,0.0,-213.5,0
NONHSAT075767.2_hsa-miR-20a-5p,0,0,0,0.0,0.0,-224.8,0
NONHSAT075768.2_hsa-miR-520a-3p,0,0,0,0.0,0.0,-235.2,0
NONHSAT075770.2_hsa-miR-22-3p,0,0,0,0.0,0.0,-169.0,0
NONHSAT075770.2_hsa-miR-200c-3p,0,0,0,0.0,0.0,-169.0,0
NONHSAT075778.2_hsa-miR-455-5p,0,0,0,0.0,0.0,-202.4,0
NONHSAT075788.2_hsa-let-7c-5p,4,1,0,-0.8,-17.15,-239.9,0
NONHSAT075790.2_hsa-miR-874-3p,0,0,0,0.0,0.0,-194.5,0
NONHSAT075796.2_hsa-let-7a-5p,0,0,0,0.0,0.0,-171.4,0
NONHSAT075796.2_hsa-miR-200b-3p,0,0,0,0.0,0.0,-171.4,0
NONHSAT075808.2_hsa-miR-448,0,0,0,0.0,0.0,-310.8,0
NONHSAT078102.2_hsa-miR-128-3p,0,0,0,0.0,0.0,-257.8,0
NONHSAT078847.2_hsa-miR-506-3p,0,0,0,0.0,0.0,-584.0,0
NONHSAT079229.2_hsa-miR-93-5p,0,0,0,0.0,0.0,-123.2,0
NONHSAT080208.2_hsa-miR-451a,0,0,0,0.0,0.0,-251.8,0
NONHSAT080555.2_hsa-miR-16-5p,0,0,0,0.0,0.0,-192.2,0
NONHSAT080580.2_hsa-miR-181a-5p,0,0,0,0.0,0.0,-455.1,0
NONHSAT081948.2_hsa-miR-152-3p,0,0,0,0.0,0.0,-464.1,0
NONHSAT081954.2_hsa-miR-181a-5p,4,1,0,-5.4,-15.49,-571.8,0
NONHSAT081959.2_hsa-miR-34a-5p,0,0,0,0.0,-26.370001,-1842.9,0
NONHSAT081961.2_hsa-miR-96-5p,0,0,0,0.0,0.0,-149.2,0
NONHSAT082413.2_hsa-miR-506-3p,0,0,0,0.0,0.0,-358.3,0
NONHSAT082416.2_hsa-miR-214-3p,0,0,0,0.0,0.0,-391.2,0
NONHSAT082431.2_hsa-miR-96-5p,0,0,0,0.0,0.0,-606.5,0
NONHSAT082431.2_hsa-miR-193a-3p,0,0,0,0.0,0.0,-606.5,0
NONHSAT082433.2_hsa-miR-224-5p,0,0,0,0.0,0.0,-215.7,0
NONHSAT082936.2_hsa-miR-544a,0,0,0,0.0,-12.01,-284.9,0
NONHSAT082949.2_hsa-miR-93-5p,2,1,0,5.3,-14.44,-276.2,0
NONHSAT083040.2_hsa-miR-378h,0,0,0,0.0,0.0,-608.3,0
NONHSAT083044.2_hsa-miR-373-3p,0,0,0,0.0,0.0,-225.7,0
NONHSAT083086.2_hsa-miR-494-3p,0,0,0,0.0,-7.25,-630.2,0
NONHSAT084828.2_hsa-miR-497-5p,0,0,0,0.0,-12.74,-1950.2,0
NONHSAT084829.2_hsa-miR-15b-5p,0,0,0,0.0,-14.62,-1774.5,0
NONHSAT084837.2_hsa-miR-128-3p,0,0,0,0.0,-17.91,-1242.8,0
NONHSAT084838.2_hsa-miR-30d-5p,0,0,0,0.0,0.0,-2281.6,0
NONHSAT084838.2_hsa-miR-124-3p,0,0,0,0.0,0.0,-2281.6,0
NONHSAT084839.2_hsa-miR-134-5p,0,0,0,0.0,0.0,-112.7,0
NONHSAT086713.2_hsa-miR-17-5p,0,0,0,0.0,0.0,-415.9,0
NONHSAT086713.2_hsa-miR-26a-5p,0,0,0,0.0,-9.72,-415.9,0
NONHSAT087767.2_hsa-miR-422a,0,0,0,0.0,0.0,-209.8,0
NONHSAT087775.2_hsa-miR-125a-3p,0,0,0,0.0,0.0,-205.4,0
NONHSAT087780.2_hsa-miR-320d,0,0,0,0.0,0.0,-167.5,0
NONHSAT087790.2_hsa-miR-9-5p,0,0,0,0.0,0.0,-185.9,0
NONHSAT087790.2_hsa-miR-339-5p,0,0,0,0.0,0.0,-185.9,0
NONHSAT087790.2_hsa-miR-449a,0,0,0,0.0,0.0,-185.9,0
NONHSAT088364.2_hsa-miR-30b-5p,0,0,0,0.0,0.0,-513.0,0
NONHSAT088364.2_hsa-miR-378h,0,0,0,0.0,0.0,-513.0,0
NONHSAT088365.2_hsa-let-7g-5p,0,0,0,0.0,0.0,-220.1,0
NONHSAT088366.2_hsa-miR-92b-3p,0,0,0,0.0,0.0,-153.1,0
NONHSAT088369.2_hsa-miR-378b,0,0,0,0.0,0.0,-1502.6,0
NONHSAT088374.2_hsa-miR-30d-5p,0,0,0,0.0,0.0,-1503.9,0
NONHSAT089488.2_hsa-miR-98-5p,0,0,0,0.0,-19.110001,-1559.1,0
NONHSAT093167.2_hsa-miR-448,0,0,0,0.0,0.0,-522.6,0
NONHSAT094669.2_hsa-miR-449a,0,0,0,0.0,-20.91,-816.62,0
NONHSAT094669.2_hsa-miR-455-5p,0,0,0,0.0,0.0,-816.62,0
NONHSAT094830.2_hsa-miR-373-3p,0,0,0,0.0,-20.030001,-1614.5,0
NONHSAT094835.2_hsa-miR-302a-3p,0,0,0,0.0,-17.540001,-102.0,0
NONHSAT097399.2_hsa-miR-205-5p,0,0,0,0.0,0.0,-97.0,0
NONHSAT098744.2_hsa-miR-449b-5p,0,0,0,0.0,0.0,-249.2,0
NONHSAT098931.2_hsa-miR-214-3p,0,0,0,0.0,0.0,-599.9,0
NONHSAT099426.2_hsa-miR-191-5p,0,0,0,0.0,0.0,-672.7,0
NONHSAT100512.2_hsa-miR-424-5p,0,0,0,0.0,0.0,-215.5,0
NONHSAT102262.2_hsa-miR-182-5p,1,1,0,3.2,-12.81,-171.3,0
NONHSAT102266.2_hsa-miR-122-5p,3,1,0,1.0,-17.41,-206.0,0
NONHSAT102439.2_hsa-miR-30e-5p,0,0,0,0.0,0.0,-187.5,0
NONHSAT102439.2_hsa-miR-124-3p,0,0,0,0.0,0.0,-187.5,0
NONHSAT102627.2_hsa-miR-10b-5p,0,0,0,0.0,0.0,-365.9,0
NONHSAT102635.2_hsa-miR-455-5p,0,0,0,0.0,0.0,-212.4,0
NONHSAT102648.2_hsa-miR-133b,0,0,0,0.0,0.0,-513.2,0
NONHSAT103212.2_hsa-miR-425-5p,0,0,0,0.0,0.0,-211.0,0
NONHSAT103213.2_hsa-miR-216b-5p,0,0,0,0.0,0.0,-115.3,0
NONHSAT103745.2_hsa-miR-30c-5p,0,0,0,0.0,0.0,-539.7,0
NONHSAT108327.2_hsa-miR-181b-5p,0,0,0,0.0,0.0,-80.5,0
NONHSAT108575.2_hsa-miR-33b-5p,0,0,0,0.0,-13.37,-745.6,0
NONHSAT108576.2_hsa-miR-361-5p,0,0,0,0.0,0.0,-778.8,0
NONHSAT108594.2_hsa-miR-429,0,0,0,0.0,0.0,-1025.5,0
NONHSAT108623.2_hsa-miR-145-5p,0,0,0,0.0,-32.07,-1388.9,0
NONHSAT108623.2_hsa-miR-222-3p,0,0,0,0.0,0.0,-1388.9,0
NONHSAT108623.2_hsa-miR-4295,0,0,0,0.0,-11.92,-1388.9,0
NONHSAT108624.2_hsa-miR-19b-3p,2,1,0,-1.0,-19.49,-1271.4,0
NONHSAT108631.2_hsa-miR-494-3p,0,0,0,0.0,0.0,-258.7,0
NONHSAT108632.2_hsa-miR-4319,0,0,0,0.0,0.0,-927.1,0
NONHSAT108768.2_hsa-miR-873-5p,0,0,0,0.0,-17.620001,-918.9,0
NONHSAT113312.2_hsa-let-7e-5p,0,0,0,0.0,0.0,-575.1,0
NONHSAT113350.2_hsa-miR-30c-5p,0,0,0,0.0,0.0,-405.3,0
NONHSAT113468.2_hsa-miR-26a-5p,0,0,0,0.0,0.0,-113.2,0
NONHSAT113468.2_hsa-miR-130a-3p,0,0,0,0.0,0.0,-113.2,0
NONHSAT113474.2_hsa-miR-454-3p,0,0,0,0.0,0.0,-195.3,0
NONHSAT113477.2_hsa-miR-367-3p,0,0,0,0.0,0.0,-129.8,0
NONHSAT113482.2_hsa-miR-339-5p,0,0,0,0.0,0.0,-184.6,0
NONHSAT113485.2_hsa-miR-495-3p,0,0,0,0.0,0.0,-257.4,0
NONHSAT113485.2_hsa-miR-543,0,0,0,0.0,0.0,-257.4,0
NONHSAT113492.2_hsa-miR-30b-5p,0,0,0,0.0,0.0,-350.5,0
NONHSAT113494.2_hsa-miR-186-5p,0,0,0,0.0,0.0,-258.3,0
NONHSAT113851.2_hsa-miR-190a-5p,0,0,0,0.0,0.0,-354.9,0
NONHSAT113854.2_hsa-miR-7-5p,0,0,0,0.0,-19.6,-372.5,0
NONHSAT113966.2_hsa-miR-320d,0,0,0,0.0,-20.440001,-1176.87,0
NONHSAT114485.2_hsa-miR-302d-3p,0,0,0,0.0,0.0,-140.9,0
NONHSAT116016.2_hsa-miR-4262,0,0,0,0.0,0.0,-284.0,0
NONHSAT116021.2_hsa-miR-365a-3p,0,0,0,0.0,0.0,-493.7,0
NONHSAT116021.2_hsa-miR-520d-3p,0,0,0,0.0,-19.799999,-493.7,0
NONHSAT116023.2_hsa-miR-128-3p,0,0,0,0.0,0.0,-164.4,0
NONHSAT116377.2_hsa-let-7c-5p,2,1,0,4.0,-21.83,-1244.3,0
NONHSAT116378.2_hsa-miR-544a,2,1,0,4.3,-12.6,-695.9,0
NONHSAT116379.2_hsa-let-7e-5p,2,1,0,4.0,-17.200001,-1308.2,0
NONHSAT116379.2_hsa-miR-3529-5p,0,0,0,0.0,0.0,-1308.2,0
NONHSAT116592.2_hsa-miR-135b-5p,0,0,0,0.0,-11.26,-2625.2,0
NONHSAT116595.2_hsa-miR-421,0,0,0,0.0,-16.9,-695.9,0
NONHSAT116709.2_hsa-miR-485-5p,0,0,0,0.0,0.0,-819.5,0
NONHSAT116940.2_hsa-miR-181a-5p,3,1,0,1.4,-15.5,-2627.0,0
NONHSAT116942.2_hsa-miR-186-5p,0,0,0,0.0,-14.81,-2064.0,0
NONHSAT116944.2_hsa-let-7e-5p,2,1,0,4.0,-17.200001,-1244.3,0
NONHSAT116944.2_hsa-let-7g-5p,2,1,0,4.0,-17.51,-1244.3,0
NONHSAT116945.2_hsa-miR-340-5p,0,0,0,0.0,0.0,-1308.2,0
NONHSAT116945.2_hsa-miR-367-3p,0,0,0,0.0,0.0,-1308.2,0
NONHSAT117289.2_hsa-miR-302b-3p,0,0,0,0.0,0.0,-69.6,0
NONHSAT117290.2_hsa-miR-374b-5p,0,0,0,0.0,0.0,-2075.6,0
NONHSAT117293.2_hsa-miR-338-3p,0,0,0,0.0,-21.049999,-2145.6,0
NONHSAT117293.2_hsa-miR-374b-5p,0,0,0,0.0,0.0,-2145.6,0
NONHSAT117294.2_hsa-miR-134-5p,0,0,0,0.0,0.0,-1385.7,0
NONHSAT117298.2_hsa-miR-377-3p,0,0,0,0.0,0.0,-1317.8,0
NONHSAT117823.2_hsa-miR-3619-5p,0,0,0,0.0,0.0,-460.4,0
NONHSAT117948.2_hsa-miR-29c-3p,0,0,0,0.0,0.0,-65.8,0
NONHSAT117952.2_hsa-miR-410-3p,0,0,0,0.0,0.0,-2625.6,0
NONHSAT117953.2_hsa-miR-3167,3,1,0,-1.3,-16.360001,-2061.7,0
NONHSAT117954.2_hsa-let-7b-5p,3,1,0,-1.9,-16.43,-695.9,0
NONHSAT117954.2_hsa-miR-26a-5p,0,0,0,0.0,0.0,-695.9,0
NONHSAT117954.2_hsa-miR-135a-5p,0,0,0,0.0,-14.61,-695.9,0
NONHSAT117955.2_hsa-miR-181c-5p,0,0,0,0.0,0.0,-1378.3,0
NONHSAT117956.2_hsa-miR-4262,0,0,0,0.0,0.0,-1246.7,0
NONHSAT117958.2_hsa-miR-154-5p,0,0,0,0.0,0.0,-1310.6,0
NONHSAT118303.2_hsa-miR-181b-5p,3,1,0,1.4,-10.21,-2067.6,0
NONHSAT118304.2_hsa-miR-154-5p,0,0,0,0.0,-12.27,-2135.0,0
NONHSAT118305.2_hsa-miR-24-3p,0,0,0,0.0,-24.91,-2631.5,0
NONHSAT118305.2_hsa-miR-4319,0,0,0,0.0,0.0,-2631.5,0
NONHSAT118307.2_hsa-miR-216a-5p,7,1,0,-4.2,-17.049999,-1310.6,0
NONHSAT118309.2_hsa-miR-27a-3p,0,0,0,0.0,-10.22,-1246.7,0
NONHSAT118310.2_hsa-miR-425-5p,0,0,0,0.0,0.0,-695.9,0
NONHSAT118311.2_hsa-let-7b-5p,2,1,0,4.0,-22.35,-1378.3,0
NONHSAT118311.2_hsa-miR-10a-5p,0,0,0,0.0,0.0,-1378.3,0
NONHSAT118311.2_hsa-miR-421,1,1,0,1.0,-16.9,-1378.3,0
NONHSAT118398.2_hsa-miR-181a-5p,0,0,0,0.0,-18.85,-878.6,0
NONHSAT118399.2_hsa-miR-211-5p,0,0,0,0.0,0.0,-153.0,0
NONHSAT119664.2_hsa-miR-34c-5p,0,0,0,0.0,-19.85,-357.8,0
NONHSAT119672.2_hsa-miR-485-5p,0,0,0,0.0,-15.59,-89.2,0
NONHSAT119676.2_hsa-miR-107,0,0,0,0.0,-15.77,-607.5,0
NONHSAT119677.2_hsa-miR-433-3p,0,0,0,0.0,0.0,-201.6,0
NONHSAT119688.2_hsa-miR-497-5p,0,0,0,0.0,0.0,-774.9,0
NONHSAT119711.2_hsa-miR-15a-5p,0,0,0,0.0,0.0,-275.3,0
NONHSAT119888.2_hsa-miR-141-3p,0,0,0,0.0,0.0,-165.5,0
NONHSAT119908.2_hsa-miR-142-3p,0,0,0,0.0,0.0,-154.1,0
NONHSAT119910.2_hsa-miR-141-3p,0,0,0,0.0,0.0,-178.7,0
NONHSAT119917.2_hsa-miR-302b-3p,0,0,0,0.0,0.0,-233.2,0
NONHSAT119920.2_hsa-miR-490-3p,0,0,0,0.0,0.0,-193.9,0
NONHSAT120422.2_hsa-miR-320d,0,0,0,0.0,0.0,-374.1,0
NONHSAT120423.2_hsa-miR-19b-3p,0,0,0,0.0,0.0,-178.2,0
NONHSAT121707.2_hsa-miR-371a-5p,0,0,0,0.0,-16.17,-560.8,0
NONHSAT121718.2_hsa-miR-378i,0,1,0,5.4,-19.030001,-774.9,0
NONHSAT121722.2_hsa-miR-499a-5p,2,1,0,1.9,-11.76,-2104.5,0
NONHSAT122129.2_hsa-miR-190a-5p,1,1,0,2.9,-7.4,-1151.3,0
NONHSAT122133.2_hsa-miR-29b-3p,0,0,0,0.0,0.0,-458.9,0
NONHSAT122697.2_hsa-miR-376b-3p,0,0,0,0.0,0.0,-166.5,0
NONHSAT123913.2_hsa-miR-422a,0,0,0,0.0,0.0,-180.0,0
NONHSAT124558.2_hsa-miR-206,0,0,0,0.0,0.0,-480.2,0
NONHSAT125948.2_hsa-miR-143-3p,0,0,0,0.0,0.0,-169.2,0
NONHSAT127048.2_hsa-miR-488-3p,0,0,0,0.0,0.0,-166.5,0
NONHSAT127314.2_hsa-miR-425-5p,0,0,0,0.0,0.0,-298.6,0
NONHSAT127615.2_hsa-miR-519d-3p,0,0,0,0.0,0.0,-84.0,0
NONHSAT128081.2_hsa-miR-139-5p,0,0,0,0.0,0.0,-251.6,0
NONHSAT128252.2_hsa-miR-33b-5p,0,0,0,0.0,0.0,-221.5,0
NONHSAT128585.2_hsa-miR-449a,2,1,0,0.5,-18.26,-1853.9,0
NONHSAT129052.2_hsa-miR-874-3p,0,0,0,0.0,0.0,-159.0,0
NONHSAT129053.2_hsa-miR-320b,0,0,0,0.0,0.0,-384.3,0
NONHSAT129060.2_hsa-miR-27a-3p,0,0,0,0.0,0.0,-69.9,0
NONHSAT129063.2_hsa-miR-374a-5p,0,0,0,0.0,-10.26,-559.8,0
NONHSAT129065.2_hsa-let-7f-5p,0,0,0,0.0,0.0,-154.9,0
NONHSAT129075.2_hsa-miR-152-3p,0,0,0,0.0,0.0,-277.3,0
NONHSAT129082.2_hsa-miR-21-5p,0,0,0,0.0,0.0,-137.6,0
NONHSAT129088.2_hsa-miR-4319,0,0,0,0.0,0.0,-278.5,0
NONHSAT129092.2_hsa-miR-219a-5p,0,0,0,0.0,0.0,-110.9,0
NONHSAT129370.2_hsa-miR-199b-5p,0,0,0,0.0,0.0,-1096.5,0
NONHSAT130415.2_hsa-miR-92a-3p,0,0,0,0.0,0.0,-510.38,0
NONHSAT130415.2_hsa-miR-340-5p,0,0,0,0.0,0.0,-510.38,0
NONHSAT130421.2_hsa-miR-216b-5p,0,2,0,9.8,-20.84,-1137.9,0
NONHSAT130423.2_hsa-miR-363-3p,0,0,0,0.0,0.0,-475.88,0
NONHSAT130431.2_hsa-miR-30d-5p,0,0,0,0.0,0.0,-133.3,0
NONHSAT131039.2_hsa-miR-196b-5p,0,0,0,0.0,0.0,-1002.7,0
NONHSAT131039.2_hsa-miR-422a,0,0,0,0.0,0.0,-1002.7,0
NONHSAT131041.2_hsa-miR-503-5p,0,0,0,0.0,0.0,-952.7,0
NONHSAT131044.2_hsa-miR-15a-5p,4,1,0,-0.9,-20.68,-704.52,0
NONHSAT131044.2_hsa-miR-30e-5p,0,0,0,0.0,0.0,-704.52,0
NONHSAT131933.2_hsa-miR-193b-3p,0,0,0,0.0,0.0,-146.0,0
NONHSAT134603.2_hsa-miR-15b-5p,4,1,0,-0.7,-11.92,-510.4,0
NONHSAT134603.2_hsa-miR-195-5p,1,1,0,2.1,-14.06,-510.4,0
NONHSAT134852.2_hsa-miR-346,4,1,0,-1.5,-26.799999,-224.7,0
NONHSAT134859.2_hsa-miR-30e-5p,0,0,0,0.0,0.0,-177.9,0
NONHSAT135353.2_hsa-miR-150-5p,0,0,0,0.0,0.0,-974.3,0
NONHSAT135363.2_hsa-miR-320b,0,0,0,0.0,0.0,-238.2,0
NONHSAT135578.2_hsa-miR-30a-5p,1,1,0,2.4,-21.09,-268.0,0
NONHSAT135579.2_hsa-miR-488-3p,0,0,0,0.0,0.0,-216.5,0
NONHSAT135580.2_hsa-miR-29b-3p,0,0,0,0.0,0.0,-184.2,0
NONHSAT135580.2_hsa-miR-129-5p,0,0,0,0.0,0.0,-184.2,0
NONHSAT137541.2_hsa-miR-496,0,0,0,0.0,-17.41,-5281.99,0
NONHSAT137551.2_hsa-miR-138-5p,0,0,0,0.0,0.0,-642.92,0
NONHSAT137551.2_hsa-miR-361-5p,0,0,0,0.0,0.0,-642.92,0
NONHSAT137568.2_hsa-miR-497-5p,0,0,0,0.0,0.0,-130.8,0
NONHSAT137571.2_hsa-miR-194-5p,0,0,0,0.0,0.0,-926.5,0
NONHSAT137573.2_hsa-let-7c-5p,0,0,0,0.0,0.0,-322.5,0
NONHSAT137573.2_hsa-miR-373-3p,0,0,0,0.0,0.0,-322.5,0
NONHSAT137575.2_hsa-miR-335-5p,0,0,0,0.0,0.0,-101.0,0
NONHSAT137575.2_hsa-miR-520a-3p,0,0,0,0.0,0.0,-101.0,0
NONHSAT137578.2_hsa-miR-30c-5p,0,0,0,0.0,0.0,-1287.3,0
NONHSAT137582.2_hsa-miR-539-5p,0,0,0,0.0,-12.63,-2427.1,0
NONHSAT137584.2_hsa-miR-488-3p,0,0,0,0.0,0.0,-453.6,0
NONHSAT137592.2_hsa-miR-196a-5p,0,0,0,0.0,0.0,-389.5,0
NONHSAT137592.2_hsa-miR-320b,0,0,0,0.0,0.0,-389.5,0
NONHSAT138142.2_hsa-miR-106a-5p,4,1,0,-5.0,-14.45,-1222.3,0
NONHSAT138142.2_hsa-miR-132-3p,0,0,0,0.0,-19.639999,-1222.3,0
NONHSAT138935.2_hsa-miR-29a-3p,0,0,0,0.0,0.0,-196.6,0
NONHSAT138958.2_hsa-miR-155-5p,0,0,0,0.0,-14.2,-1256.0,0
NONHSAT141113.2_hsa-miR-92b-3p,0,0,0,0.0,-23.860001,-570.0,0
NONHSAT141667.2_hsa-miR-301a-3p,3,1,0,-2.6,-23.200001,-610.7,0
NONHSAT141667.2_hsa-miR-4735-3p,0,0,0,0.0,-14.68,-610.7,0
NONHSAT141865.2_hsa-miR-488-3p,0,0,0,0.0,0.0,-118.4,0
NONHSAT142618.2_hsa-miR-4429,0,0,0,0.0,0.0,-381.2,0
NONHSAT143224.2_hsa-miR-378a-3p,0,0,0,0.0,0.0,-844.8,0
NONHSAT143224.2_hsa-miR-448,0,0,0,0.0,0.0,-844.8,0
NONHSAT143231.2_hsa-miR-200b-3p,0,0,0,0.0,0.0,-230.6,0
NONHSAT143364.2_hsa-miR-4429,0,0,0,0.0,0.0,-306.5,0
NONHSAT143379.2_hsa-miR-496,0,0,0,0.0,0.0,-285.9,0
NONHSAT143828.2_hsa-miR-599,0,0,0,0.0,0.0,-220.6,0
NONHSAT143944.2_hsa-miR-181c-5p,0,0,0,0.0,0.0,-883.2,0
NONHSAT144203.2_hsa-miR-455-5p,0,0,0,0.0,0.0,-1169.0,0
NONHSAT144205.2_hsa-miR-544a,0,0,0,0.0,0.0,-632.5,0
NONHSAT144210.2_hsa-miR-27b-3p,0,0,0,0.0,-24.700001,-1131.9,0
NONHSAT144210.2_hsa-miR-96-5p,0,0,0,0.0,-18.709999,-1131.9,0
NONHSAT145409.2_hsa-miR-519d-3p,0,0,0,0.0,0.0,-127.7,0
NONHSAT017471.2_hsa-miR-378d,0,0,0,0.0,0.0,-660.4,0
NONHSAT017472.2_hsa-miR-26b-5p,0,0,0,0.0,0.0,-309.3,0
NONHSAT017526.2_hsa-miR-520c-3p,0,0,0,0.0,0.0,-125.2,0
